-- phpMyAdmin SQL Dump
-- version 4.9.11
-- https://www.phpmyadmin.net/
--
-- Host: localhost:3306
-- Generation Time: Apr 19, 2023 at 10:55 AM
-- Server version: 10.5.17-MariaDB-cll-lve
-- PHP Version: 7.4.33

SET SQL_MODE = "NO_AUTO_VALUE_ON_ZERO";
SET AUTOCOMMIT = 0;
START TRANSACTION;
SET time_zone = "+00:00";


/*!40101 SET @OLD_CHARACTER_SET_CLIENT=@@CHARACTER_SET_CLIENT */;
/*!40101 SET @OLD_CHARACTER_SET_RESULTS=@@CHARACTER_SET_RESULTS */;
/*!40101 SET @OLD_COLLATION_CONNECTION=@@COLLATION_CONNECTION */;
/*!40101 SET NAMES utf8mb4 */;

--
-- Database: `jbearcre_scheduler`
--

-- --------------------------------------------------------

--
-- Table structure for table `auth_group`
--

DROP TABLE IF EXISTS `auth_group`;
CREATE TABLE `auth_group` (
  `id` int(11) NOT NULL,
  `name` varchar(150) COLLATE utf8mb4_unicode_ci NOT NULL
) ENGINE=InnoDB DEFAULT CHARSET=utf8mb4 COLLATE=utf8mb4_unicode_ci;

-- --------------------------------------------------------

--
-- Table structure for table `auth_group_permissions`
--

DROP TABLE IF EXISTS `auth_group_permissions`;
CREATE TABLE `auth_group_permissions` (
  `id` int(11) NOT NULL,
  `group_id` int(11) NOT NULL,
  `permission_id` int(11) NOT NULL
) ENGINE=InnoDB DEFAULT CHARSET=utf8mb4 COLLATE=utf8mb4_unicode_ci;

-- --------------------------------------------------------

--
-- Table structure for table `auth_permission`
--

DROP TABLE IF EXISTS `auth_permission`;
CREATE TABLE `auth_permission` (
  `id` int(11) NOT NULL,
  `name` varchar(255) COLLATE utf8mb4_unicode_ci NOT NULL,
  `content_type_id` int(11) NOT NULL,
  `codename` varchar(100) COLLATE utf8mb4_unicode_ci NOT NULL
) ENGINE=InnoDB DEFAULT CHARSET=utf8mb4 COLLATE=utf8mb4_unicode_ci;

--
-- Dumping data for table `auth_permission`
--

INSERT INTO `auth_permission` (`id`, `name`, `content_type_id`, `codename`) VALUES
(1, 'Can add shift', 1, 'add_shift'),
(2, 'Can change shift', 1, 'change_shift'),
(3, 'Can delete shift', 1, 'delete_shift'),
(4, 'Can view shift', 1, 'view_shift'),
(5, 'Can add shift type', 2, 'add_shifttype'),
(6, 'Can change shift type', 2, 'change_shifttype'),
(7, 'Can delete shift type', 2, 'delete_shifttype'),
(8, 'Can view shift type', 2, 'view_shifttype'),
(9, 'Can add schedule shift', 3, 'add_scheduleshift'),
(10, 'Can change schedule shift', 3, 'change_scheduleshift'),
(11, 'Can delete schedule shift', 3, 'delete_scheduleshift'),
(12, 'Can view schedule shift', 3, 'view_scheduleshift'),
(13, 'Can add request', 4, 'add_request'),
(14, 'Can change request', 4, 'change_request'),
(15, 'Can delete request', 4, 'delete_request'),
(16, 'Can view request', 4, 'view_request'),
(17, 'Can add user', 5, 'add_user'),
(18, 'Can change user', 5, 'change_user'),
(19, 'Can delete user', 5, 'delete_user'),
(20, 'Can view user', 5, 'view_user'),
(21, 'Can add address', 6, 'add_address'),
(22, 'Can change address', 6, 'change_address'),
(23, 'Can delete address', 6, 'delete_address'),
(24, 'Can view address', 6, 'view_address'),
(25, 'Can add log entry', 7, 'add_logentry'),
(26, 'Can change log entry', 7, 'change_logentry'),
(27, 'Can delete log entry', 7, 'delete_logentry'),
(28, 'Can view log entry', 7, 'view_logentry'),
(29, 'Can add permission', 8, 'add_permission'),
(30, 'Can change permission', 8, 'change_permission'),
(31, 'Can delete permission', 8, 'delete_permission'),
(32, 'Can view permission', 8, 'view_permission'),
(33, 'Can add group', 9, 'add_group'),
(34, 'Can change group', 9, 'change_group'),
(35, 'Can delete group', 9, 'delete_group'),
(36, 'Can view group', 9, 'view_group'),
(37, 'Can add user', 10, 'add_user'),
(38, 'Can change user', 10, 'change_user'),
(39, 'Can delete user', 10, 'delete_user'),
(40, 'Can view user', 10, 'view_user'),
(41, 'Can add content type', 11, 'add_contenttype'),
(42, 'Can change content type', 11, 'change_contenttype'),
(43, 'Can delete content type', 11, 'delete_contenttype'),
(44, 'Can view content type', 11, 'view_contenttype'),
(45, 'Can add session', 12, 'add_session'),
(46, 'Can change session', 12, 'change_session'),
(47, 'Can delete session', 12, 'delete_session'),
(48, 'Can view session', 12, 'view_session');

-- --------------------------------------------------------

--
-- Table structure for table `auth_user`
--

DROP TABLE IF EXISTS `auth_user`;
CREATE TABLE `auth_user` (
  `id` int(11) NOT NULL,
  `password` varchar(128) COLLATE utf8mb4_unicode_ci NOT NULL,
  `last_login` datetime(6) DEFAULT NULL,
  `is_superuser` tinyint(1) NOT NULL,
  `username` varchar(150) COLLATE utf8mb4_unicode_ci NOT NULL,
  `first_name` varchar(30) COLLATE utf8mb4_unicode_ci NOT NULL,
  `last_name` varchar(150) COLLATE utf8mb4_unicode_ci NOT NULL,
  `email` varchar(254) COLLATE utf8mb4_unicode_ci NOT NULL,
  `is_staff` tinyint(1) NOT NULL,
  `is_active` tinyint(1) NOT NULL,
  `date_joined` datetime(6) NOT NULL
) ENGINE=InnoDB DEFAULT CHARSET=utf8mb4 COLLATE=utf8mb4_unicode_ci;

--
-- Dumping data for table `auth_user`
--

INSERT INTO `auth_user` (`id`, `password`, `last_login`, `is_superuser`, `username`, `first_name`, `last_name`, `email`, `is_staff`, `is_active`, `date_joined`) VALUES
(1, 'pbkdf2_sha256$150000$2mmM7s6zBAHy$jpqfTkkAQhSb78bnHUhrpdwI8MfPJrzo/40PRMyAp98=', '2023-04-15 22:31:32.872598', 1, 'calisurfr22', '', '', 'calisurfr22@yahoo.com', 1, 1, '2023-04-15 22:28:20.206831');

-- --------------------------------------------------------

--
-- Table structure for table `auth_user_groups`
--

DROP TABLE IF EXISTS `auth_user_groups`;
CREATE TABLE `auth_user_groups` (
  `id` int(11) NOT NULL,
  `user_id` int(11) NOT NULL,
  `group_id` int(11) NOT NULL
) ENGINE=InnoDB DEFAULT CHARSET=utf8mb4 COLLATE=utf8mb4_unicode_ci;

-- --------------------------------------------------------

--
-- Table structure for table `auth_user_user_permissions`
--

DROP TABLE IF EXISTS `auth_user_user_permissions`;
CREATE TABLE `auth_user_user_permissions` (
  `id` int(11) NOT NULL,
  `user_id` int(11) NOT NULL,
  `permission_id` int(11) NOT NULL
) ENGINE=InnoDB DEFAULT CHARSET=utf8mb4 COLLATE=utf8mb4_unicode_ci;

-- --------------------------------------------------------

--
-- Table structure for table `django_admin_log`
--

DROP TABLE IF EXISTS `django_admin_log`;
CREATE TABLE `django_admin_log` (
  `id` int(11) NOT NULL,
  `action_time` datetime(6) NOT NULL,
  `object_id` longtext COLLATE utf8mb4_unicode_ci DEFAULT NULL,
  `object_repr` varchar(200) COLLATE utf8mb4_unicode_ci NOT NULL,
  `action_flag` smallint(5) UNSIGNED NOT NULL,
  `change_message` longtext COLLATE utf8mb4_unicode_ci NOT NULL,
  `content_type_id` int(11) DEFAULT NULL,
  `user_id` int(11) NOT NULL
) ENGINE=InnoDB DEFAULT CHARSET=utf8mb4 COLLATE=utf8mb4_unicode_ci;

-- --------------------------------------------------------

--
-- Table structure for table `django_content_type`
--

DROP TABLE IF EXISTS `django_content_type`;
CREATE TABLE `django_content_type` (
  `id` int(11) NOT NULL,
  `app_label` varchar(100) COLLATE utf8mb4_unicode_ci NOT NULL,
  `model` varchar(100) COLLATE utf8mb4_unicode_ci NOT NULL
) ENGINE=InnoDB DEFAULT CHARSET=utf8mb4 COLLATE=utf8mb4_unicode_ci;

--
-- Dumping data for table `django_content_type`
--

INSERT INTO `django_content_type` (`id`, `app_label`, `model`) VALUES
(7, 'admin', 'logentry'),
(9, 'auth', 'group'),
(8, 'auth', 'permission'),
(10, 'auth', 'user'),
(11, 'contenttypes', 'contenttype'),
(6, 'loginApp', 'address'),
(5, 'loginApp', 'user'),
(12, 'sessions', 'session'),
(4, 'VetCalendar', 'request'),
(3, 'VetCalendar', 'scheduleshift'),
(1, 'VetCalendar', 'shift'),
(2, 'VetCalendar', 'shifttype');

-- --------------------------------------------------------

--
-- Table structure for table `django_migrations`
--

DROP TABLE IF EXISTS `django_migrations`;
CREATE TABLE `django_migrations` (
  `id` int(11) NOT NULL,
  `app` varchar(255) COLLATE utf8mb4_unicode_ci NOT NULL,
  `name` varchar(255) COLLATE utf8mb4_unicode_ci NOT NULL,
  `applied` datetime(6) NOT NULL
) ENGINE=InnoDB DEFAULT CHARSET=utf8mb4 COLLATE=utf8mb4_unicode_ci;

--
-- Dumping data for table `django_migrations`
--

INSERT INTO `django_migrations` (`id`, `app`, `name`, `applied`) VALUES
(1, 'loginApp', '0001_initial', '2023-03-15 16:57:40.214808'),
(2, 'VetCalendar', '0001_initial', '2023-03-15 16:57:40.436155'),
(3, 'contenttypes', '0001_initial', '2023-03-15 16:57:40.504800'),
(4, 'auth', '0001_initial', '2023-03-15 16:57:40.713130'),
(5, 'admin', '0001_initial', '2023-03-15 16:57:40.808632'),
(6, 'admin', '0002_logentry_remove_auto_add', '2023-03-15 16:57:40.824766'),
(7, 'admin', '0003_logentry_add_action_flag_choices', '2023-03-15 16:57:40.829562'),
(8, 'contenttypes', '0002_remove_content_type_name', '2023-03-15 16:57:40.852217'),
(9, 'auth', '0002_alter_permission_name_max_length', '2023-03-15 16:57:40.862370'),
(10, 'auth', '0003_alter_user_email_max_length', '2023-03-15 16:57:40.870814'),
(11, 'auth', '0004_alter_user_username_opts', '2023-03-15 16:57:40.878030'),
(12, 'auth', '0005_alter_user_last_login_null', '2023-03-15 16:57:40.888256'),
(13, 'auth', '0006_require_contenttypes_0002', '2023-03-15 16:57:40.889213'),
(14, 'auth', '0007_alter_validators_add_error_messages', '2023-03-15 16:57:40.894483'),
(15, 'auth', '0008_alter_user_username_max_length', '2023-03-15 16:57:40.901219'),
(16, 'auth', '0009_alter_user_last_name_max_length', '2023-03-15 16:57:40.909548'),
(17, 'auth', '0010_alter_group_name_max_length', '2023-03-15 16:57:40.916618'),
(18, 'auth', '0011_update_proxy_permissions', '2023-03-15 16:57:40.925171'),
(19, 'loginApp', '0002_auto_20210510_1014', '2023-03-15 16:57:40.933561'),
(20, 'sessions', '0001_initial', '2023-03-15 16:57:40.960260');

-- --------------------------------------------------------

--
-- Table structure for table `django_session`
--

DROP TABLE IF EXISTS `django_session`;
CREATE TABLE `django_session` (
  `session_key` varchar(40) COLLATE utf8mb4_unicode_ci NOT NULL,
  `session_data` longtext COLLATE utf8mb4_unicode_ci NOT NULL,
  `expire_date` datetime(6) NOT NULL
) ENGINE=InnoDB DEFAULT CHARSET=utf8mb4 COLLATE=utf8mb4_unicode_ci;

--
-- Dumping data for table `django_session`
--

INSERT INTO `django_session` (`session_key`, `session_data`, `expire_date`) VALUES
('al7rg9ktvu9l97hoh4a4qy0rcto28vcy', 'Yjc4ODVlZThkZjBmMDdmZTlkOTA4OWU0NmZlOTJkNDM3ODRmY2YxMjp7InVzZXJfaWQiOjF9', '2023-05-01 21:42:47.205003'),
('ofnntc5udjpfsl9ot7puj93pqa3ytnlp', 'Yjc4ODVlZThkZjBmMDdmZTlkOTA4OWU0NmZlOTJkNDM3ODRmY2YxMjp7InVzZXJfaWQiOjF9', '2023-05-01 21:51:11.779049');

-- --------------------------------------------------------

--
-- Table structure for table `loginApp_address`
--

DROP TABLE IF EXISTS `loginApp_address`;
CREATE TABLE `loginApp_address` (
  `id` int(11) NOT NULL,
  `number` int(11) NOT NULL,
  `street` varchar(100) COLLATE utf8mb4_unicode_ci NOT NULL,
  `street2` varchar(100) COLLATE utf8mb4_unicode_ci NOT NULL,
  `apt_num` varchar(15) COLLATE utf8mb4_unicode_ci NOT NULL,
  `city` varchar(100) COLLATE utf8mb4_unicode_ci NOT NULL,
  `state` varchar(10) COLLATE utf8mb4_unicode_ci NOT NULL,
  `zipcode` int(11) NOT NULL,
  `created_at` datetime(6) NOT NULL,
  `updated_at` datetime(6) NOT NULL,
  `user_id` int(11) NOT NULL
) ENGINE=InnoDB DEFAULT CHARSET=utf8mb4 COLLATE=utf8mb4_unicode_ci;

-- --------------------------------------------------------

--
-- Table structure for table `loginApp_user`
--

DROP TABLE IF EXISTS `loginApp_user`;
CREATE TABLE `loginApp_user` (
  `id` int(11) NOT NULL,
  `first_name` varchar(20) COLLATE utf8mb4_unicode_ci NOT NULL,
  `last_name` varchar(50) COLLATE utf8mb4_unicode_ci NOT NULL,
  `email` varchar(100) COLLATE utf8mb4_unicode_ci NOT NULL,
  `password` varchar(255) COLLATE utf8mb4_unicode_ci NOT NULL,
  `user_type` longtext COLLATE utf8mb4_unicode_ci NOT NULL,
  `user_level` tinyint(1) NOT NULL,
  `created_at` datetime(6) NOT NULL,
  `updated_at` datetime(6) NOT NULL
) ENGINE=InnoDB DEFAULT CHARSET=utf8mb4 COLLATE=utf8mb4_unicode_ci;

--
-- Dumping data for table `loginApp_user`
--

INSERT INTO `loginApp_user` (`id`, `first_name`, `last_name`, `email`, `password`, `user_type`, `user_level`, `created_at`, `updated_at`) VALUES
(1, 'Jesse', 'Meyer', 'jmeyer@jmeyer-dev.com', '$2b$12$O3UI0tIHyAtB.bkNYoY0mOy68EkHDaR9AhTHQFZlNKtd6fSGGJK0S', 'doctor', 1, '2023-04-15 22:40:39.179723', '2023-04-19 17:21:39.216770'),
(2, 'Hector', 'Barbosa', 'barbosa@mail.com', '$2b$12$EDV8zxCMOedJP7XPnRi1lOszZE5O1/h2A9NqsB1srzzUMMFIAnFL2', 'doctor', 0, '2023-04-15 22:40:39.179723', '2023-04-19 17:22:52.368087'),
(6, 'Jack', 'Sparrow', 'sparrow@mail.com', '$2b$12$vFmnBEE6eeTDYfAh3F.t0uJZV2XSii5ePxdGeEAG8UV55Imh9cIVm', 'doctor', 0, '2023-04-15 22:40:39.179723', '2023-04-19 17:23:05.430742'),
(7, 'John', 'Dorian', 'demo@mail.com', '$2b$12$oPk3hCnaKZzKjVTMBwJKheM27wuxK8LDUnkiYigK3DoDJ3nLV7bNu', 'doctor', 0, '2023-04-15 22:40:39.179723', '2023-04-19 17:21:23.282818'),
(8, 'Christopher', 'Turk', 'turk@mail.com', '$2b$12$hrWO1tbjr5xjenClgaydlOstPG3YeLWTNCc/PLZ2P/1WRrh.bHqDC', 'doctor', 0, '2023-04-15 22:40:39.179723', '2053-12-09 00:00:00.000000'),
(9, 'Perry', 'Cox', 'DrCox@mail.com', '$2b$12$RGhaji8hM.VcURKip522b.ph2ueRM.9njFrFa0JNToXI.RcQ/iScG', 'doctor', 0, '2023-04-15 22:40:39.179723', '0000-00-00 00:00:00.000000'),
(10, 'Elliot', 'Reed', 'elliot@mail.com', '$2b$12$L1Yg6/BHcc2Nh9vHPWimL.DxuBHhGofwx7BbTOBoW2jL9STLuL8by', 'doctor', 0, '2023-04-15 22:40:39.179723', '0000-00-00 00:00:00.000000'),
(11, 'Bob', 'Kelso', 'bob@mail.com', '$2b$12$UM/E2SczwbIDTYo1e1vmFeuFB4zI5R8OCchjV99.kYesnVso/gT4u', 'doctor', 0, '2023-04-15 22:40:39.179723', '2023-04-19 17:22:36.126261'),
(14, 'Victor', 'Frankenstein', 'frankenstein@mail.com', '$2b$12$DDJSBgczlyMvlDG18GfoquWXJAor4n03u1f2A6qa6/z871Tom0eya', 'doctor', 0, '2023-04-15 22:40:39.179723', '2023-04-19 17:22:22.535641');

-- --------------------------------------------------------

--
-- Table structure for table `VetCalendar_request`
--

DROP TABLE IF EXISTS `VetCalendar_request`;
CREATE TABLE `VetCalendar_request` (
  `id` int(11) NOT NULL,
  `request_type` varchar(20) COLLATE utf8mb4_unicode_ci NOT NULL,
  `start_date` date NOT NULL,
  `end_date` date NOT NULL,
  `created_at` datetime(6) NOT NULL,
  `updated_at` datetime(6) NOT NULL,
  `requestUser_id` int(11) NOT NULL,
  `switchUser_id` int(11) NOT NULL
) ENGINE=InnoDB DEFAULT CHARSET=utf8mb4 COLLATE=utf8mb4_unicode_ci;

-- --------------------------------------------------------

--
-- Table structure for table `VetCalendar_scheduleshift`
--

DROP TABLE IF EXISTS `VetCalendar_scheduleshift`;
CREATE TABLE `VetCalendar_scheduleshift` (
  `id` int(11) NOT NULL,
  `date` date NOT NULL,
  `created_at` datetime(6) NOT NULL,
  `updated_at` datetime(6) NOT NULL,
  `shift_id` int(11) NOT NULL,
  `shift_type_id` int(11) NOT NULL,
  `user_id` int(11) NOT NULL
) ENGINE=InnoDB DEFAULT CHARSET=utf8mb4 COLLATE=utf8mb4_unicode_ci;

--
-- Dumping data for table `VetCalendar_scheduleshift`
--

INSERT INTO `VetCalendar_scheduleshift` (`id`, `date`, `created_at`, `updated_at`, `shift_id`, `shift_type_id`, `user_id`) VALUES
(70, '2023-05-02', '2023-05-17 23:59:41.399839', '2023-05-17 23:59:41.399839', 4, 1, 2),
(71, '2023-05-03', '2023-05-17 23:59:41.428836', '2023-05-17 23:59:41.428836', 4, 1, 2),
(72, '2023-05-04', '2023-05-17 23:59:41.460374', '2023-05-17 23:59:41.460374', 4, 1, 2),
(73, '2023-05-09', '2023-05-17 23:59:41.491858', '2023-05-17 23:59:41.491858', 4, 1, 2),
(74, '2023-05-11', '2023-05-17 23:59:41.523406', '2023-05-17 23:59:41.523406', 4, 1, 2),
(75, '2023-05-12', '2023-05-17 23:59:41.554418', '2023-05-17 23:59:41.554418', 4, 1, 2),
(76, '2023-05-16', '2023-05-17 23:59:41.586494', '2023-05-17 23:59:41.586494', 4, 1, 2),
(77, '2023-05-17', '2023-05-17 23:59:41.617336', '2023-05-17 23:59:41.617336', 4, 1, 2),
(78, '2023-05-18', '2023-05-17 23:59:41.652375', '2023-05-17 23:59:41.652375', 4, 1, 2),
(79, '2023-05-23', '2023-05-17 23:59:41.683874', '2023-05-17 23:59:41.683874', 4, 1, 2),
(80, '2023-05-24', '2023-05-17 23:59:41.715873', '2023-05-17 23:59:41.715873', 4, 1, 2),
(81, '2023-05-25', '2023-05-17 23:59:41.746903', '2023-05-17 23:59:41.746903', 4, 1, 2),
(82, '2023-06-06', '2023-05-17 23:59:41.778482', '2023-05-17 23:59:41.778482', 4, 1, 2),
(83, '2023-06-07', '2023-05-17 23:59:41.809918', '2023-05-17 23:59:41.809918', 4, 1, 2),
(84, '2023-06-08', '2023-05-17 23:59:41.840503', '2023-05-17 23:59:41.840503', 4, 1, 2),
(85, '2023-06-13', '2023-05-17 23:59:41.872106', '2023-05-17 23:59:41.872106', 4, 1, 2),
(86, '2023-06-14', '2023-05-17 23:59:41.902948', '2023-05-17 23:59:41.902948', 4, 1, 2),
(87, '2023-06-15', '2023-05-17 23:59:41.932024', '2023-05-17 23:59:41.932024', 4, 1, 2),
(88, '2023-06-16', '2023-05-17 23:59:41.966965', '2023-05-17 23:59:41.966965', 4, 1, 2),
(89, '2023-06-21', '2023-05-17 23:59:42.029490', '2023-05-17 23:59:42.029490', 4, 1, 2),
(90, '2023-06-27', '2023-05-17 23:59:42.117748', '2023-05-17 23:59:42.117748', 4, 1, 2),
(91, '2023-06-28', '2023-05-17 23:59:42.151746', '2023-05-17 23:59:42.151746', 4, 1, 2),
(92, '2023-06-29', '2023-05-17 23:59:42.181746', '2023-05-17 23:59:42.181746', 4, 1, 2),
(93, '2023-06-30', '2023-05-17 23:59:42.212748', '2023-05-17 23:59:42.212748', 4, 1, 2),
(119, '2023-06-01', '2023-05-18 00:02:55.959284', '2023-05-18 00:02:55.959284', 2, 1, 6),
(120, '2023-06-06', '2023-05-18 00:02:55.995107', '2023-05-18 00:02:55.995107', 2, 1, 6),
(121, '2023-06-07', '2023-05-18 00:02:56.025852', '2023-05-18 00:02:56.025852', 2, 1, 6),
(122, '2023-06-08', '2023-05-18 00:02:56.060190', '2023-05-18 00:02:56.060190', 2, 1, 6),
(123, '2023-06-13', '2023-05-18 00:02:56.092484', '2023-05-18 00:02:56.092484', 2, 1, 6),
(124, '2023-06-14', '2023-05-18 00:02:56.128186', '2023-05-18 00:02:56.128186', 2, 1, 6),
(125, '2023-06-15', '2023-05-18 00:02:56.161281', '2023-05-18 00:02:56.161281', 2, 1, 6),
(126, '2023-06-20', '2023-05-18 00:02:56.194944', '2023-05-18 00:02:56.194944', 2, 1, 6),
(127, '2023-06-21', '2023-05-18 00:02:56.227932', '2023-05-18 00:02:56.227932', 2, 1, 6),
(128, '2023-06-22', '2023-05-18 00:02:56.261715', '2023-05-18 00:02:56.261715', 2, 1, 6),
(129, '2023-06-27', '2023-05-18 00:02:56.293412', '2023-05-18 00:02:56.293412', 2, 1, 6),
(130, '2023-06-28', '2023-05-18 00:02:56.328519', '2023-05-18 00:02:56.328519', 2, 1, 6),
(131, '2023-06-29', '2023-05-18 00:02:56.358470', '2023-05-18 00:02:56.358470', 2, 1, 6),
(144, '2023-05-01', '2023-05-18 00:05:13.438934', '2023-05-18 00:05:13.438934', 5, 1, 1),
(145, '2023-05-02', '2023-05-18 00:05:13.479932', '2023-05-18 00:05:13.479932', 5, 1, 1),
(146, '2023-05-03', '2023-05-18 00:05:13.518931', '2023-05-18 00:05:13.518931', 5, 1, 1),
(147, '2023-05-04', '2023-05-18 00:05:13.550931', '2023-05-18 00:05:13.550931', 5, 1, 1),
(148, '2023-05-09', '2023-05-18 00:05:13.584443', '2023-05-18 00:05:13.584443', 5, 1, 1),
(149, '2023-05-10', '2023-05-18 00:05:13.614763', '2023-04-19 17:21:53.839614', 5, 2, 1),
(150, '2023-05-11', '2023-05-18 00:05:13.643859', '2023-05-18 00:05:13.643859', 5, 1, 1),
(151, '2023-05-15', '2023-05-18 00:05:13.672858', '2023-05-18 00:05:13.672858', 5, 1, 1),
(152, '2023-05-18', '2023-05-18 00:05:13.703892', '2023-05-18 00:05:13.703892', 5, 1, 1),
(153, '2023-05-19', '2023-05-18 00:05:13.735891', '2023-05-18 00:05:13.735891', 5, 1, 1),
(154, '2023-05-22', '2023-05-18 00:05:13.769891', '2023-05-18 00:30:53.894823', 5, 7, 1),
(155, '2023-05-23', '2023-05-18 00:05:13.802893', '2023-05-18 00:05:13.802893', 5, 1, 1),
(156, '2023-05-24', '2023-05-18 00:05:13.834892', '2023-05-18 00:05:13.834892', 5, 1, 1),
(157, '2023-05-25', '2023-05-18 00:05:13.866893', '2023-05-18 00:05:13.866893', 5, 1, 1),
(158, '2023-05-29', '2023-05-18 00:05:13.898924', '2023-05-18 00:05:13.898924', 5, 1, 1),
(159, '2023-05-30', '2023-05-18 00:05:13.933966', '2023-05-18 00:05:13.933966', 5, 1, 1),
(160, '2023-05-31', '2023-05-18 00:05:13.968148', '2023-05-18 00:05:13.969147', 5, 1, 1),
(161, '2023-06-06', '2023-05-18 00:05:14.008073', '2023-05-18 00:05:14.008073', 5, 1, 1),
(162, '2023-06-07', '2023-05-18 00:05:14.092650', '2023-05-18 00:05:14.092650', 5, 1, 1),
(163, '2023-06-08', '2023-05-18 00:05:14.138657', '2023-05-18 00:05:14.138657', 5, 1, 1),
(164, '2023-06-20', '2023-05-18 00:05:14.175650', '2023-05-18 00:05:14.175650', 5, 1, 1),
(165, '2023-06-21', '2023-05-18 00:05:14.208652', '2023-05-18 00:05:14.208652', 5, 1, 1),
(166, '2023-06-22', '2023-05-18 00:05:14.241653', '2023-05-18 00:05:14.241653', 5, 1, 1),
(167, '2023-06-26', '2023-05-18 00:05:14.274681', '2023-05-18 00:05:14.274681', 5, 1, 1),
(168, '2023-06-27', '2023-05-18 00:05:14.304686', '2023-05-18 00:05:14.304686', 5, 1, 1),
(169, '2023-06-28', '2023-05-18 00:05:14.339705', '2023-05-18 00:05:14.339705', 5, 1, 1),
(170, '2023-06-29', '2023-05-18 00:05:14.372268', '2023-05-18 00:05:14.372268', 5, 1, 1),
(171, '2023-05-01', '2023-05-18 00:08:25.291884', '2023-05-18 00:08:25.291884', 9, 1, 9),
(172, '2023-05-01', '2023-05-18 00:08:39.548808', '2023-05-18 00:08:39.548808', 2, 1, 10),
(173, '2023-05-01', '2023-05-18 00:08:53.154003', '2023-05-18 00:08:53.154003', 4, 1, 11),
(174, '2023-05-01', '2023-05-18 00:09:16.516859', '2023-05-18 00:10:12.878762', 6, 1, 7),
(178, '2023-05-09', '2023-05-18 00:12:08.454341', '2023-05-18 00:12:08.454341', 6, 1, 7),
(179, '2023-05-10', '2023-05-18 00:12:08.494243', '2023-05-18 00:12:08.494243', 6, 1, 7),
(180, '2023-05-11', '2023-05-18 00:12:08.534733', '2023-05-18 00:12:08.534733', 6, 1, 7),
(181, '2023-05-15', '2023-05-18 00:12:08.573758', '2023-05-18 00:12:08.573758', 6, 1, 7),
(182, '2023-05-16', '2023-05-18 00:12:08.606761', '2023-05-18 00:12:08.606761', 6, 1, 7),
(183, '2023-05-17', '2023-05-18 00:12:08.643129', '2023-05-18 00:12:08.643129', 6, 1, 7),
(184, '2023-05-18', '2023-05-18 00:12:08.676127', '2023-05-18 00:12:08.676127', 6, 1, 7),
(185, '2023-05-23', '2023-05-18 00:12:08.711376', '2023-05-18 00:12:08.711376', 6, 1, 7),
(186, '2023-05-24', '2023-05-18 00:12:08.743646', '2023-05-18 00:12:08.743646', 6, 1, 7),
(187, '2023-05-25', '2023-05-18 00:12:08.774646', '2023-05-18 00:12:08.774646', 6, 1, 7),
(188, '2023-05-29', '2023-05-18 00:12:08.809646', '2023-05-18 00:12:08.809646', 6, 1, 7),
(189, '2023-05-30', '2023-05-18 00:12:08.841023', '2023-05-18 00:12:08.841023', 6, 1, 7),
(190, '2023-05-31', '2023-05-18 00:12:08.875656', '2023-05-18 00:12:08.875656', 6, 1, 7),
(191, '2023-06-01', '2023-05-18 00:12:08.907879', '2023-05-18 00:12:08.907879', 6, 1, 7),
(192, '2023-06-06', '2023-05-18 00:12:08.937955', '2023-05-18 00:12:08.937955', 6, 1, 7),
(193, '2023-06-07', '2023-05-18 00:12:08.969971', '2023-05-18 00:12:08.969971', 6, 1, 7),
(194, '2023-06-08', '2023-05-18 00:12:09.001535', '2023-05-18 00:12:09.001535', 6, 1, 7),
(195, '2023-06-12', '2023-05-18 00:12:09.032981', '2023-05-18 00:12:09.032981', 6, 1, 7),
(196, '2023-06-13', '2023-05-18 00:12:09.065918', '2023-05-18 00:12:09.065918', 6, 1, 7),
(197, '2023-06-14', '2023-05-18 00:12:09.097945', '2023-05-18 00:12:09.097945', 6, 1, 7),
(198, '2023-06-15', '2023-05-18 00:12:09.132172', '2023-05-18 00:12:09.132172', 6, 1, 7),
(199, '2023-06-20', '2023-05-18 00:12:09.168474', '2023-05-18 00:12:09.168474', 6, 1, 7),
(200, '2023-06-21', '2023-05-18 00:12:09.204252', '2023-05-18 00:12:09.204252', 6, 1, 7),
(201, '2023-06-22', '2023-05-18 00:12:09.237262', '2023-05-18 00:12:09.237262', 6, 1, 7),
(216, '2023-05-01', '2023-05-18 00:15:17.246508', '2023-05-18 00:15:17.246508', 9, 1, 8),
(217, '2023-05-05', '2023-05-18 00:15:17.277913', '2023-05-18 00:15:17.277913', 9, 1, 8),
(218, '2023-05-06', '2023-05-18 00:15:17.313161', '2023-05-18 00:15:17.313161', 9, 1, 8),
(219, '2023-05-07', '2023-05-18 00:15:17.345430', '2023-05-18 00:15:17.345430', 9, 1, 8),
(220, '2023-05-12', '2023-05-18 00:15:17.377799', '2023-05-18 00:15:17.377799', 9, 1, 8),
(221, '2023-05-13', '2023-05-18 00:15:17.409861', '2023-05-18 00:15:17.409861', 9, 1, 8),
(222, '2023-05-14', '2023-05-18 00:15:17.442037', '2023-05-18 00:15:17.442037', 9, 1, 8),
(223, '2023-05-15', '2023-05-18 00:15:17.475052', '2023-05-18 00:15:17.475052', 9, 1, 8),
(224, '2023-05-19', '2023-05-18 00:15:17.508581', '2023-05-18 00:15:17.508581', 9, 1, 8),
(225, '2023-05-20', '2023-05-18 00:15:17.540632', '2023-05-18 00:15:17.540632', 9, 1, 8),
(226, '2023-05-21', '2023-05-18 00:15:17.577073', '2023-05-18 00:15:17.577073', 9, 1, 8),
(227, '2023-05-30', '2023-05-18 00:15:17.637044', '2023-05-18 00:18:31.269135', 9, 7, 8),
(228, '2023-05-31', '2023-05-18 00:15:17.672664', '2023-05-18 00:15:17.672664', 9, 1, 8),
(229, '2023-06-02', '2023-05-18 00:15:17.711970', '2023-05-18 00:15:17.712971', 9, 1, 8),
(230, '2023-06-03', '2023-05-18 00:15:17.752972', '2023-05-18 00:15:17.752972', 9, 1, 8),
(231, '2023-06-09', '2023-05-18 00:15:17.791050', '2023-05-18 00:15:17.791050', 9, 1, 8),
(232, '2023-06-10', '2023-05-18 00:15:17.849140', '2023-05-18 00:15:17.849140', 9, 1, 8),
(233, '2023-06-11', '2023-05-18 00:15:17.936141', '2023-05-18 00:15:17.936141', 9, 1, 8),
(234, '2023-06-12', '2023-05-18 00:15:17.974140', '2023-05-18 00:15:17.974140', 9, 1, 8),
(235, '2023-06-16', '2023-05-18 00:15:18.008730', '2023-05-18 00:15:18.008730', 9, 1, 8),
(236, '2023-06-17', '2023-05-18 00:15:18.041644', '2023-05-18 00:15:18.041644', 9, 1, 8),
(237, '2023-06-18', '2023-05-18 00:15:18.074465', '2023-05-18 00:15:18.074465', 9, 1, 8),
(238, '2023-06-23', '2023-05-18 00:15:18.108634', '2023-05-18 00:15:18.108634', 9, 1, 8),
(239, '2023-06-24', '2023-05-18 00:15:18.141705', '2023-05-18 00:15:18.141705', 9, 1, 8),
(240, '2023-06-25', '2023-05-18 00:15:18.177202', '2023-05-18 00:15:18.177202', 9, 1, 8),
(241, '2023-06-26', '2023-05-18 00:15:18.210628', '2023-05-18 00:15:18.210628', 9, 1, 8),
(242, '2023-06-30', '2023-05-18 00:15:18.247734', '2023-05-18 00:15:18.247734', 9, 1, 8),
(255, '2023-05-06', '2023-05-18 00:22:00.408472', '2023-05-18 00:22:00.408472', 2, 1, 9),
(256, '2023-05-07', '2023-05-18 00:22:00.456472', '2023-05-18 00:22:00.456472', 2, 1, 9),
(257, '2023-05-08', '2023-05-18 00:22:00.501472', '2023-05-18 00:22:00.501472', 2, 1, 9),
(258, '2023-05-26', '2023-05-18 00:22:00.550224', '2023-05-18 00:22:00.550224', 2, 1, 9),
(259, '2023-05-27', '2023-05-18 00:22:00.596065', '2023-05-18 00:22:00.596065', 2, 1, 9),
(260, '2023-05-28', '2023-05-18 00:22:00.644883', '2023-05-18 00:22:00.644883', 2, 1, 9),
(261, '2023-05-29', '2023-05-18 00:22:00.696887', '2023-05-18 00:22:00.696887', 2, 1, 9),
(262, '2023-06-02', '2023-05-18 00:22:00.743886', '2023-05-18 00:22:00.743886', 2, 1, 9),
(263, '2023-06-03', '2023-05-18 00:22:00.793429', '2023-05-18 00:22:00.793429', 2, 1, 9),
(264, '2023-06-04', '2023-05-18 00:22:00.839408', '2023-05-18 00:22:00.839408', 2, 1, 9),
(265, '2023-06-05', '2023-05-18 00:22:00.897408', '2023-05-18 00:22:00.897408', 2, 1, 9),
(266, '2023-06-09', '2023-05-18 00:22:00.954866', '2023-05-18 00:22:00.954866', 2, 1, 9),
(267, '2023-06-10', '2023-05-18 00:22:00.999876', '2023-05-18 00:22:00.999876', 2, 1, 9),
(268, '2023-06-11', '2023-05-18 00:22:01.098407', '2023-05-18 00:22:01.098407', 2, 1, 9),
(269, '2023-06-12', '2023-05-18 00:22:01.180585', '2023-05-18 00:22:01.180585', 2, 1, 9),
(270, '2023-06-17', '2023-05-18 00:22:01.219394', '2023-05-18 00:22:01.219394', 2, 1, 9),
(271, '2023-06-18', '2023-05-18 00:22:01.263394', '2023-05-18 00:22:01.263394', 2, 1, 9),
(272, '2023-06-19', '2023-05-18 00:22:01.307392', '2023-05-18 00:22:01.307392', 2, 1, 9),
(273, '2023-06-23', '2023-05-18 00:22:01.350499', '2023-05-18 00:22:01.350499', 2, 1, 9),
(274, '2023-06-24', '2023-05-18 00:22:01.391221', '2023-05-18 00:22:01.391221', 2, 1, 9),
(275, '2023-06-25', '2023-05-18 00:22:01.442037', '2023-05-18 00:22:01.442037', 2, 1, 9),
(288, '2023-05-06', '2023-05-18 00:25:16.411610', '2023-05-18 00:25:16.411610', 4, 1, 10),
(289, '2023-05-07', '2023-05-18 00:25:16.443775', '2023-05-18 00:25:16.443775', 4, 1, 10),
(290, '2023-05-08', '2023-05-18 00:25:16.483790', '2023-05-18 00:25:16.483790', 4, 1, 10),
(291, '2023-05-13', '2023-05-18 00:25:16.517146', '2023-05-18 00:25:16.517146', 4, 1, 10),
(292, '2023-05-14', '2023-05-18 00:25:16.551167', '2023-05-18 00:25:16.551167', 4, 1, 10),
(293, '2023-05-15', '2023-05-18 00:25:16.580171', '2023-05-18 00:25:16.580171', 4, 1, 10),
(294, '2023-05-26', '2023-05-18 00:25:16.614175', '2023-05-18 00:25:16.614175', 4, 1, 10),
(295, '2023-05-27', '2023-05-18 00:25:16.644238', '2023-05-18 00:25:16.644238', 4, 1, 10),
(296, '2023-05-28', '2023-05-18 00:25:16.678237', '2023-05-18 00:25:16.678237', 4, 1, 10),
(297, '2023-05-29', '2023-05-18 00:25:16.717682', '2023-05-18 00:25:16.717682', 4, 1, 10),
(298, '2023-06-03', '2023-05-18 00:25:16.749704', '2023-05-18 00:25:16.749704', 4, 1, 10),
(299, '2023-06-04', '2023-05-18 00:25:16.783570', '2023-05-18 00:25:16.783570', 4, 1, 10),
(300, '2023-06-05', '2023-05-18 00:25:16.816582', '2023-05-18 00:25:16.816582', 4, 1, 10),
(301, '2023-06-23', '2023-05-18 00:25:16.854203', '2023-05-18 00:25:16.854203', 4, 1, 10),
(302, '2023-06-24', '2023-05-18 00:25:16.889253', '2023-05-18 00:25:16.889253', 4, 1, 10),
(303, '2023-06-25', '2023-05-18 00:25:16.925370', '2023-05-18 00:25:16.925370', 4, 1, 10),
(304, '2023-06-26', '2023-05-18 00:25:16.960386', '2023-05-18 00:25:16.960386', 4, 1, 10),
(315, '2023-05-19', '2023-05-18 00:27:02.764218', '2023-05-18 00:27:02.764218', 2, 1, 10),
(316, '2023-05-20', '2023-05-18 00:27:02.830715', '2023-05-18 00:27:02.830715', 2, 1, 10),
(317, '2023-05-21', '2023-05-18 00:27:02.862971', '2023-05-18 00:27:02.862971', 2, 1, 10),
(318, '2023-05-22', '2023-05-18 00:27:02.901725', '2023-05-18 00:27:02.901725', 2, 1, 10),
(319, '2023-06-16', '2023-05-18 00:27:02.934740', '2023-05-18 00:27:02.934740', 2, 1, 10),
(320, '2023-06-17', '2023-05-18 00:27:02.966529', '2023-05-18 00:27:02.966529', 2, 1, 10),
(321, '2023-06-18', '2023-05-18 00:27:02.999883', '2023-05-18 00:27:02.999883', 2, 1, 10),
(322, '2023-06-19', '2023-05-18 00:27:03.034469', '2023-05-18 00:27:03.034469', 2, 1, 10),
(327, '2023-05-09', '2023-05-18 00:28:18.584938', '2023-05-18 00:28:18.584938', 2, 2, 9),
(350, '2023-06-01', '2023-05-18 00:50:36.325662', '2023-05-18 00:50:36.325662', 5, 1, 1),
(356, '2023-06-08', '2023-05-19 00:09:16.613858', '2023-05-19 00:09:16.613858', 6, 2, 6),
(357, '2023-06-10', '2023-05-19 00:09:16.640857', '2023-05-19 00:09:16.640857', 6, 2, 6),
(358, '2023-06-16', '2023-05-19 00:09:16.669858', '2023-05-19 00:09:16.669858', 6, 2, 6),
(359, '2023-08-09', '2023-08-13 23:37:37.818309', '2023-08-13 23:37:37.818309', 3, 1, 1),
(360, '2023-08-10', '2023-08-13 23:37:37.883179', '2023-08-13 23:37:37.883179', 3, 1, 1),
(361, '2023-08-11', '2023-08-13 23:37:37.933177', '2023-08-13 23:37:51.446733', 3, 1, 6),
(362, '2023-08-16', '2023-08-13 23:37:37.987179', '2023-08-13 23:37:37.987179', 3, 1, 1),
(363, '2023-08-17', '2023-08-13 23:37:38.050175', '2023-08-13 23:37:38.051176', 3, 1, 1),
(364, '2023-08-18', '2023-08-13 23:37:38.102785', '2023-08-13 23:37:38.102785', 3, 1, 1),
(365, '2023-08-23', '2023-08-13 23:37:38.182950', '2023-08-13 23:37:38.182950', 3, 1, 1),
(366, '2023-08-24', '2023-08-13 23:37:38.257004', '2023-08-13 23:37:38.257004', 3, 1, 1),
(367, '2023-08-25', '2023-08-13 23:37:38.330799', '2023-08-13 23:37:38.330799', 3, 1, 1),
(397, '2023-10-04', '2023-10-20 20:33:44.587606', '2023-10-20 20:33:44.587606', 3, 1, 2),
(398, '2023-10-05', '2023-10-20 20:33:44.611151', '2023-10-20 20:33:44.611151', 3, 1, 2),
(399, '2023-10-06', '2023-10-20 20:33:44.634557', '2023-10-20 20:33:44.634557', 3, 1, 2),
(400, '2023-10-11', '2023-10-20 20:33:44.655567', '2023-10-20 20:33:44.655567', 3, 1, 2),
(401, '2023-10-12', '2023-10-20 20:33:44.675689', '2023-10-20 20:33:44.675689', 3, 1, 2),
(402, '2023-10-13', '2023-10-20 20:33:44.700767', '2023-10-20 20:33:44.700767', 3, 1, 2),
(403, '2023-10-18', '2023-10-20 20:33:44.723767', '2023-10-20 20:33:44.723767', 3, 1, 2),
(404, '2023-10-19', '2023-10-20 20:33:44.746814', '2023-10-20 20:33:44.746814', 3, 1, 2),
(405, '2023-10-20', '2023-10-20 20:33:44.772150', '2023-10-20 20:33:44.772150', 3, 1, 2),
(406, '2023-10-25', '2023-10-20 20:33:44.795099', '2023-10-20 20:33:44.795099', 3, 1, 2),
(407, '2023-10-26', '2023-10-20 20:33:44.819100', '2023-10-20 20:33:44.819100', 3, 1, 2),
(408, '2023-10-27', '2023-10-20 20:33:44.848091', '2023-10-20 20:33:44.848091', 3, 1, 2),
(409, '2023-10-14', '2023-10-20 20:33:44.870089', '2023-10-20 20:33:44.870089', 3, 1, 2),
(410, '2023-10-28', '2023-10-20 20:33:44.892101', '2023-10-20 20:33:44.892101', 3, 1, 2),
(468, '2023-02-28', '2023-02-24 22:28:38.603904', '2023-02-24 22:28:38.603904', 3, 1, 1),
(469, '2023-02-27', '2023-02-24 22:28:38.660518', '2023-02-24 22:28:38.660518', 3, 1, 1),
(470, '2023-03-02', '2023-02-24 23:06:27.484497', '2023-02-24 23:06:27.484497', 4, 1, 2),
(471, '2023-03-14', '2023-02-24 23:06:27.535002', '2023-02-24 23:06:27.535002', 4, 1, 2),
(472, '2023-04-04', '2023-04-15 22:55:05.115679', '2023-04-15 22:55:05.115695', 3, 1, 2),
(473, '2023-04-05', '2023-04-15 22:55:05.180931', '2023-04-15 22:55:05.180962', 3, 1, 2),
(474, '2023-04-06', '2023-04-15 22:55:05.185867', '2023-04-15 22:55:05.185884', 3, 1, 2),
(475, '2023-04-11', '2023-04-15 22:55:05.188114', '2023-04-15 22:55:05.188130', 3, 1, 2),
(476, '2023-04-10', '2023-04-15 22:55:05.191025', '2023-04-15 22:55:05.191049', 3, 1, 2),
(477, '2023-04-15', '2023-04-15 22:55:05.193797', '2023-04-15 22:55:05.193819', 3, 1, 2),
(478, '2023-04-16', '2023-04-15 22:55:05.196380', '2023-04-15 22:55:05.196402', 3, 1, 2),
(479, '2023-04-17', '2023-04-15 22:55:05.198930', '2023-04-15 22:55:05.198952', 3, 1, 2),
(480, '2023-04-21', '2023-04-15 22:55:05.201490', '2023-04-15 22:55:05.201512', 3, 1, 2),
(481, '2023-04-22', '2023-04-15 22:55:05.204021', '2023-04-15 22:55:05.204043', 3, 1, 2),
(482, '2023-04-25', '2023-04-15 22:55:05.206622', '2023-04-15 22:55:05.206645', 3, 1, 2),
(483, '2023-04-26', '2023-04-15 22:55:05.209088', '2023-04-15 22:55:05.209121', 3, 1, 2),
(484, '2023-04-27', '2023-04-15 22:55:05.211576', '2023-04-15 22:55:05.211597', 3, 1, 2),
(486, '2023-04-01', '2023-04-19 17:16:44.606663', '2023-04-19 17:16:44.606683', 2, 1, 6),
(487, '2023-04-02', '2023-04-19 17:16:44.609114', '2023-04-19 17:16:44.609130', 2, 1, 6),
(488, '2023-04-03', '2023-04-19 17:16:44.611126', '2023-04-19 17:16:44.611142', 2, 1, 6),
(489, '2023-04-07', '2023-04-19 17:16:44.613054', '2023-04-19 17:16:44.613069', 2, 1, 6),
(490, '2023-04-08', '2023-04-19 17:16:44.614990', '2023-04-19 17:16:44.615005', 2, 1, 6),
(491, '2023-04-11', '2023-04-19 17:16:44.616891', '2023-04-19 17:16:44.616910', 2, 1, 6),
(492, '2023-04-12', '2023-04-19 17:16:44.618740', '2023-04-19 17:16:44.618754', 2, 1, 6),
(493, '2023-04-13', '2023-04-19 17:16:44.620920', '2023-04-19 17:16:44.620938', 2, 1, 6),
(494, '2023-04-18', '2023-04-19 17:16:44.623352', '2023-04-19 17:16:44.623370', 2, 1, 6),
(495, '2023-04-19', '2023-04-19 17:16:44.625434', '2023-04-19 17:16:44.625448', 2, 1, 6),
(496, '2023-04-23', '2023-04-19 17:16:44.627425', '2023-04-19 17:16:44.627439', 2, 1, 6),
(497, '2023-04-24', '2023-04-19 17:16:44.629868', '2023-04-19 17:16:44.629882', 2, 1, 6),
(498, '2023-04-25', '2023-04-19 17:16:44.631765', '2023-04-19 17:16:44.631779', 2, 1, 6),
(499, '2023-04-01', '2023-04-19 17:25:10.971391', '2023-04-19 17:25:10.971423', 3, 1, 7),
(500, '2023-04-02', '2023-04-19 17:25:10.974069', '2023-04-19 17:25:10.974099', 3, 1, 7),
(501, '2023-04-03', '2023-04-19 17:25:10.976731', '2023-04-19 17:25:10.976755', 3, 1, 7),
(502, '2023-04-07', '2023-04-19 17:25:10.979088', '2023-04-19 17:25:10.979107', 3, 1, 7),
(503, '2023-04-08', '2023-04-19 17:25:10.981332', '2023-04-19 17:25:10.981354', 3, 1, 7),
(504, '2023-04-09', '2023-04-19 17:25:10.983678', '2023-04-19 17:25:10.983700', 3, 1, 7),
(505, '2023-04-12', '2023-04-19 17:25:10.986322', '2023-04-19 17:25:10.986349', 3, 1, 7),
(506, '2023-04-13', '2023-04-19 17:25:10.988705', '2023-04-19 17:25:10.988727', 3, 1, 7),
(507, '2023-04-14', '2023-04-19 17:25:10.991172', '2023-04-19 17:25:10.991195', 3, 1, 7),
(508, '2023-04-18', '2023-04-19 17:25:10.993739', '2023-04-19 17:25:10.993763', 3, 1, 7),
(509, '2023-04-19', '2023-04-19 17:25:10.996224', '2023-04-19 17:25:10.996248', 3, 1, 7),
(510, '2023-04-20', '2023-04-19 17:25:10.998752', '2023-04-19 17:25:10.998774', 3, 1, 7),
(511, '2023-04-28', '2023-04-19 17:25:11.001440', '2023-04-19 17:25:11.001464', 3, 1, 7),
(512, '2023-04-29', '2023-04-19 17:25:11.004262', '2023-04-19 17:25:11.004286', 3, 1, 7),
(513, '2023-04-30', '2023-04-19 17:25:11.006806', '2023-04-19 17:25:11.006824', 3, 1, 7),
(514, '2023-04-01', '2023-04-19 17:26:00.161708', '2023-04-19 17:26:00.161734', 2, 1, 8),
(515, '2023-04-02', '2023-04-19 17:26:00.164368', '2023-04-19 17:26:00.164392', 2, 1, 8),
(516, '2023-04-03', '2023-04-19 17:26:00.167108', '2023-04-19 17:26:00.167133', 2, 1, 8),
(517, '2023-04-09', '2023-04-19 17:26:00.170222', '2023-04-19 17:26:00.170253', 2, 1, 8),
(518, '2023-04-10', '2023-04-19 17:26:00.173100', '2023-04-19 17:26:00.173125', 2, 1, 8),
(520, '2023-07-02', '2023-04-18 23:59:41.400000', '2023-04-18 23:59:41.400000', 4, 1, 2),
(521, '2023-07-03', '2023-04-18 23:59:41.429000', '2023-04-18 23:59:41.429000', 4, 1, 2),
(522, '2023-07-04', '2023-04-18 23:59:41.460000', '2023-04-18 23:59:41.460000', 4, 1, 2),
(523, '2023-07-09', '2023-04-18 23:59:41.492000', '2023-04-18 23:59:41.492000', 4, 1, 2),
(524, '2023-07-11', '2023-04-18 23:59:41.523000', '2023-04-18 23:59:41.523000', 4, 1, 2),
(525, '2023-07-12', '2023-04-18 23:59:41.554000', '2023-04-18 23:59:41.554000', 4, 1, 2),
(526, '2023-07-16', '2023-04-18 23:59:41.586000', '2023-04-18 23:59:41.586000', 4, 1, 2),
(527, '2023-07-17', '2023-04-18 23:59:41.617000', '2023-04-18 23:59:41.617000', 4, 1, 2),
(528, '2023-07-18', '2023-04-18 23:59:41.652000', '2023-04-18 23:59:41.652000', 4, 1, 2),
(529, '2023-07-23', '2023-04-18 23:59:41.684000', '2023-04-18 23:59:41.684000', 4, 1, 2),
(530, '2023-07-24', '2023-04-18 23:59:41.716000', '2023-04-18 23:59:41.716000', 4, 1, 2),
(531, '2023-07-25', '2023-04-18 23:59:41.747000', '2023-04-18 23:59:41.747000', 4, 1, 2),
(532, '2023-07-01', '2023-04-18 00:05:13.439000', '2023-04-18 00:05:13.439000', 5, 1, 1),
(533, '2023-07-02', '2023-04-18 00:05:13.480000', '2023-04-18 00:05:13.480000', 5, 1, 1),
(534, '2023-07-03', '2023-04-18 00:05:13.519000', '2023-04-18 00:05:13.519000', 5, 1, 1),
(535, '2023-07-04', '2023-04-18 00:05:13.551000', '2023-04-18 00:05:13.551000', 5, 1, 1),
(536, '2023-07-09', '2023-04-18 00:05:13.584000', '2023-04-18 00:05:13.584000', 5, 1, 1),
(537, '2023-07-10', '2023-04-18 00:05:13.615000', '2023-04-18 00:05:13.615000', 5, 1, 1),
(538, '2023-07-11', '2023-04-18 00:05:13.644000', '2023-04-18 00:05:13.644000', 5, 1, 1),
(539, '2023-07-15', '2023-04-18 00:05:13.673000', '2023-04-18 00:05:13.673000', 5, 1, 1),
(540, '2023-07-18', '2023-04-18 00:05:13.704000', '2023-04-18 00:05:13.704000', 5, 1, 1),
(541, '2023-07-19', '2023-04-18 00:05:13.736000', '2023-04-18 00:05:13.736000', 5, 1, 1),
(542, '2023-07-23', '2023-04-18 00:05:13.803000', '2023-04-18 00:05:13.803000', 5, 1, 1),
(543, '2023-07-24', '2023-04-18 00:05:13.835000', '2023-04-18 00:05:13.835000', 5, 1, 1),
(544, '2023-07-25', '2023-04-18 00:05:13.867000', '2023-04-18 00:05:13.867000', 5, 1, 1),
(545, '2023-07-29', '2023-04-18 00:05:13.899000', '2023-04-18 00:05:13.899000', 5, 1, 1),
(546, '2023-07-30', '2023-04-18 00:05:13.934000', '2023-04-18 00:05:13.934000', 5, 1, 1),
(547, '2023-07-31', '2023-04-18 00:05:13.968000', '2023-04-18 00:05:13.969000', 5, 1, 1),
(548, '2023-07-01', '2023-04-18 00:08:25.292000', '2023-04-18 00:08:25.292000', 9, 1, 9),
(549, '2023-07-01', '2023-04-18 00:08:39.549000', '2023-04-18 00:08:39.549000', 2, 1, 10),
(550, '2023-07-01', '2023-04-18 00:08:53.154000', '2023-04-18 00:08:53.154000', 4, 1, 11),
(551, '2023-07-01', '2023-04-18 00:09:16.517000', '2023-04-18 00:10:12.879000', 6, 1, 7),
(552, '2023-07-09', '2023-04-18 00:12:08.454000', '2023-04-18 00:12:08.454000', 6, 1, 7),
(553, '2023-07-10', '2023-04-18 00:12:08.494000', '2023-04-18 00:12:08.494000', 6, 1, 7),
(554, '2023-07-11', '2023-04-18 00:12:08.535000', '2023-04-18 00:12:08.535000', 6, 1, 7),
(555, '2023-07-15', '2023-04-18 00:12:08.574000', '2023-04-18 00:12:08.574000', 6, 1, 7),
(556, '2023-07-16', '2023-04-18 00:12:08.607000', '2023-04-18 00:12:08.607000', 6, 1, 7),
(557, '2023-07-17', '2023-04-18 00:12:08.643000', '2023-04-18 00:12:08.643000', 6, 1, 7),
(558, '2023-07-18', '2023-04-18 00:12:08.676000', '2023-04-18 00:12:08.676000', 6, 1, 7),
(559, '2023-07-23', '2023-04-18 00:12:08.711000', '2023-04-18 00:12:08.711000', 6, 1, 7),
(560, '2023-07-24', '2023-04-18 00:12:08.744000', '2023-04-18 00:12:08.744000', 6, 1, 7),
(561, '2023-07-25', '2023-04-18 00:12:08.775000', '2023-04-18 00:12:08.775000', 6, 1, 7),
(562, '2023-07-29', '2023-04-18 00:12:08.810000', '2023-04-18 00:12:08.810000', 6, 1, 7),
(563, '2023-07-30', '2023-04-18 00:12:08.841000', '2023-04-18 00:12:08.841000', 6, 1, 7),
(564, '2023-07-31', '2023-04-18 00:12:08.876000', '2023-04-18 00:12:08.876000', 6, 1, 7),
(565, '2023-07-01', '2023-04-18 00:15:17.247000', '2023-04-18 00:15:17.247000', 9, 1, 8),
(566, '2023-07-05', '2023-04-18 00:15:17.278000', '2023-04-18 00:15:17.278000', 9, 1, 8),
(567, '2023-07-06', '2023-04-18 00:15:17.313000', '2023-04-18 00:15:17.313000', 9, 1, 8),
(568, '2023-07-07', '2023-04-18 00:15:17.345000', '2023-04-18 00:15:17.345000', 9, 1, 8),
(569, '2023-07-12', '2023-04-18 00:15:17.378000', '2023-04-18 00:15:17.378000', 9, 1, 8),
(570, '2023-07-13', '2023-04-18 00:15:17.410000', '2023-04-18 00:15:17.410000', 9, 1, 8),
(571, '2023-07-14', '2023-04-18 00:15:17.442000', '2023-04-18 00:15:17.442000', 9, 1, 8),
(572, '2023-07-15', '2023-04-18 00:15:17.475000', '2023-04-18 00:15:17.475000', 9, 1, 8),
(573, '2023-07-19', '2023-04-18 00:15:17.509000', '2023-04-18 00:15:17.509000', 9, 1, 8),
(574, '2023-07-20', '2023-04-18 00:15:17.541000', '2023-04-18 00:15:17.541000', 9, 1, 8),
(575, '2023-07-21', '2023-04-18 00:15:17.577000', '2023-04-18 00:15:17.577000', 9, 1, 8),
(576, '2023-07-31', '2023-04-18 00:15:17.673000', '2023-04-18 00:15:17.673000', 9, 1, 8),
(577, '2023-07-06', '2023-04-18 00:22:00.408000', '2023-04-18 00:22:00.408000', 2, 1, 9),
(578, '2023-07-07', '2023-04-18 00:22:00.456000', '2023-04-18 00:22:00.456000', 2, 1, 9),
(579, '2023-07-08', '2023-04-18 00:22:00.501000', '2023-04-18 00:22:00.501000', 2, 1, 9),
(580, '2023-07-26', '2023-04-18 00:22:00.550000', '2023-04-18 00:22:00.550000', 2, 1, 9),
(581, '2023-07-27', '2023-04-18 00:22:00.596000', '2023-04-18 00:22:00.596000', 2, 1, 9),
(582, '2023-07-28', '2023-04-18 00:22:00.645000', '2023-04-18 00:22:00.645000', 2, 1, 9),
(583, '2023-07-29', '2023-04-18 00:22:00.697000', '2023-04-18 00:22:00.697000', 2, 1, 9),
(584, '2023-07-06', '2023-04-18 00:25:16.412000', '2023-04-18 00:25:16.412000', 4, 1, 10),
(585, '2023-07-07', '2023-04-18 00:25:16.444000', '2023-04-18 00:25:16.444000', 4, 1, 10),
(586, '2023-07-08', '2023-04-18 00:25:16.484000', '2023-04-18 00:25:16.484000', 4, 1, 10),
(587, '2023-07-13', '2023-04-18 00:25:16.517000', '2023-04-18 00:25:16.517000', 4, 1, 10),
(588, '2023-07-14', '2023-04-18 00:25:16.551000', '2023-04-18 00:25:16.551000', 4, 1, 10),
(589, '2023-07-15', '2023-04-18 00:25:16.580000', '2023-04-18 00:25:16.580000', 4, 1, 10),
(590, '2023-07-26', '2023-04-18 00:25:16.614000', '2023-04-18 00:25:16.614000', 4, 1, 10),
(591, '2023-07-27', '2023-04-18 00:25:16.644000', '2023-04-18 00:25:16.644000', 4, 1, 10),
(592, '2023-07-28', '2023-04-18 00:25:16.678000', '2023-04-18 00:25:16.678000', 4, 1, 10),
(593, '2023-07-29', '2023-04-18 00:25:16.718000', '2023-04-18 00:25:16.718000', 4, 1, 10),
(594, '2023-07-19', '2023-04-18 00:27:02.764000', '2023-04-18 00:27:02.764000', 2, 1, 10),
(595, '2023-07-20', '2023-04-18 00:27:02.831000', '2023-04-18 00:27:02.831000', 2, 1, 10),
(596, '2023-07-21', '2023-04-18 00:27:02.863000', '2023-04-18 00:27:02.863000', 2, 1, 10),
(597, '2023-07-22', '2023-04-18 00:27:02.902000', '2023-04-18 00:27:02.902000', 2, 1, 10),
(598, '2023-08-02', '2023-04-18 23:59:41.400000', '2023-04-18 23:59:41.400000', 4, 1, 2),
(599, '2023-08-03', '2023-04-18 23:59:41.429000', '2023-04-18 23:59:41.429000', 4, 1, 2),
(600, '2023-08-04', '2023-04-18 23:59:41.460000', '2023-04-18 23:59:41.460000', 4, 1, 2),
(601, '2023-08-09', '2023-04-18 23:59:41.492000', '2023-04-18 23:59:41.492000', 4, 1, 2),
(602, '2023-08-11', '2023-04-18 23:59:41.523000', '2023-04-18 23:59:41.523000', 4, 1, 2),
(603, '2023-08-12', '2023-04-18 23:59:41.554000', '2023-04-18 23:59:41.554000', 4, 1, 2),
(604, '2023-08-16', '2023-04-18 23:59:41.586000', '2023-04-18 23:59:41.586000', 4, 1, 2),
(605, '2023-08-17', '2023-04-18 23:59:41.617000', '2023-04-18 23:59:41.617000', 4, 1, 2),
(606, '2023-08-18', '2023-04-18 23:59:41.652000', '2023-04-18 23:59:41.652000', 4, 1, 2),
(607, '2023-08-23', '2023-04-18 23:59:41.684000', '2023-04-18 23:59:41.684000', 4, 1, 2),
(608, '2023-08-24', '2023-04-18 23:59:41.716000', '2023-04-18 23:59:41.716000', 4, 1, 2),
(609, '2023-08-25', '2023-04-18 23:59:41.747000', '2023-04-18 23:59:41.747000', 4, 1, 2),
(610, '2023-08-01', '2023-04-18 00:05:13.439000', '2023-04-18 00:05:13.439000', 5, 1, 1),
(611, '2023-08-02', '2023-04-18 00:05:13.480000', '2023-04-18 00:05:13.480000', 5, 1, 1),
(612, '2023-08-03', '2023-04-18 00:05:13.519000', '2023-04-18 00:05:13.519000', 5, 1, 1),
(613, '2023-08-04', '2023-04-18 00:05:13.551000', '2023-04-18 00:05:13.551000', 5, 1, 1),
(614, '2023-08-09', '2023-04-18 00:05:13.584000', '2023-04-18 00:05:13.584000', 5, 1, 1),
(615, '2023-08-10', '2023-04-18 00:05:13.615000', '2023-04-18 00:05:13.615000', 5, 1, 1),
(616, '2023-08-11', '2023-04-18 00:05:13.644000', '2023-04-18 00:05:13.644000', 5, 1, 1),
(617, '2023-08-15', '2023-04-18 00:05:13.673000', '2023-04-18 00:05:13.673000', 5, 1, 1),
(618, '2023-08-18', '2023-04-18 00:05:13.704000', '2023-04-18 00:05:13.704000', 5, 1, 1),
(619, '2023-08-19', '2023-04-18 00:05:13.736000', '2023-04-18 00:05:13.736000', 5, 1, 1),
(620, '2023-08-23', '2023-04-18 00:05:13.803000', '2023-04-18 00:05:13.803000', 5, 1, 1),
(621, '2023-08-24', '2023-04-18 00:05:13.835000', '2023-04-18 00:05:13.835000', 5, 1, 1),
(622, '2023-08-25', '2023-04-18 00:05:13.867000', '2023-04-18 00:05:13.867000', 5, 1, 1),
(623, '2023-08-29', '2023-04-18 00:05:13.899000', '2023-04-18 00:05:13.899000', 5, 1, 1),
(624, '2023-08-30', '2023-04-18 00:05:13.934000', '2023-04-18 00:05:13.934000', 5, 1, 1),
(625, '2023-08-31', '2023-04-18 00:05:13.968000', '2023-04-18 00:05:13.969000', 5, 1, 1),
(626, '2023-08-01', '2023-04-18 00:08:25.292000', '2023-04-18 00:08:25.292000', 9, 1, 9),
(627, '2023-08-01', '2023-04-18 00:08:39.549000', '2023-04-18 00:08:39.549000', 2, 1, 10),
(628, '2023-08-01', '2023-04-18 00:08:53.154000', '2023-04-18 00:08:53.154000', 4, 1, 11),
(629, '2023-08-01', '2023-04-18 00:09:16.517000', '2023-04-18 00:10:12.879000', 6, 1, 7),
(630, '2023-08-09', '2023-04-18 00:12:08.454000', '2023-04-18 00:12:08.454000', 6, 1, 7),
(631, '2023-08-10', '2023-04-18 00:12:08.494000', '2023-04-18 00:12:08.494000', 6, 1, 7),
(632, '2023-08-11', '2023-04-18 00:12:08.535000', '2023-04-18 00:12:08.535000', 6, 1, 7),
(633, '2023-08-15', '2023-04-18 00:12:08.574000', '2023-04-18 00:12:08.574000', 6, 1, 7),
(634, '2023-08-16', '2023-04-18 00:12:08.607000', '2023-04-18 00:12:08.607000', 6, 1, 7),
(635, '2023-08-17', '2023-04-18 00:12:08.643000', '2023-04-18 00:12:08.643000', 6, 1, 7),
(636, '2023-08-18', '2023-04-18 00:12:08.676000', '2023-04-18 00:12:08.676000', 6, 1, 7),
(637, '2023-08-23', '2023-04-18 00:12:08.711000', '2023-04-18 00:12:08.711000', 6, 1, 7),
(638, '2023-08-24', '2023-04-18 00:12:08.744000', '2023-04-18 00:12:08.744000', 6, 1, 7),
(639, '2023-08-25', '2023-04-18 00:12:08.775000', '2023-04-18 00:12:08.775000', 6, 1, 7),
(640, '2023-08-29', '2023-04-18 00:12:08.810000', '2023-04-18 00:12:08.810000', 6, 1, 7),
(641, '2023-08-30', '2023-04-18 00:12:08.841000', '2023-04-18 00:12:08.841000', 6, 1, 7),
(642, '2023-08-31', '2023-04-18 00:12:08.876000', '2023-04-18 00:12:08.876000', 6, 1, 7),
(643, '2023-08-01', '2023-04-18 00:15:17.247000', '2023-04-18 00:15:17.247000', 9, 1, 8),
(644, '2023-08-05', '2023-04-18 00:15:17.278000', '2023-04-18 00:15:17.278000', 9, 1, 8),
(645, '2023-08-06', '2023-04-18 00:15:17.313000', '2023-04-18 00:15:17.313000', 9, 1, 8),
(646, '2023-08-07', '2023-04-18 00:15:17.345000', '2023-04-18 00:15:17.345000', 9, 1, 8),
(647, '2023-08-12', '2023-04-18 00:15:17.378000', '2023-04-18 00:15:17.378000', 9, 1, 8),
(648, '2023-08-13', '2023-04-18 00:15:17.410000', '2023-04-18 00:15:17.410000', 9, 1, 8),
(649, '2023-08-14', '2023-04-18 00:15:17.442000', '2023-04-18 00:15:17.442000', 9, 1, 8),
(650, '2023-08-15', '2023-04-18 00:15:17.475000', '2023-04-18 00:15:17.475000', 9, 1, 8),
(651, '2023-08-19', '2023-04-18 00:15:17.509000', '2023-04-18 00:15:17.509000', 9, 1, 8),
(652, '2023-08-20', '2023-04-18 00:15:17.541000', '2023-04-18 00:15:17.541000', 9, 1, 8),
(653, '2023-08-21', '2023-04-18 00:15:17.577000', '2023-04-18 00:15:17.577000', 9, 1, 8),
(654, '2023-08-31', '2023-04-18 00:15:17.673000', '2023-04-18 00:15:17.673000', 9, 1, 8),
(655, '2023-08-06', '2023-04-18 00:22:00.408000', '2023-04-18 00:22:00.408000', 2, 1, 9),
(656, '2023-08-07', '2023-04-18 00:22:00.456000', '2023-04-18 00:22:00.456000', 2, 1, 9),
(657, '2023-08-08', '2023-04-18 00:22:00.501000', '2023-04-18 00:22:00.501000', 2, 1, 9),
(658, '2023-08-26', '2023-04-18 00:22:00.550000', '2023-04-18 00:22:00.550000', 2, 1, 9),
(659, '2023-08-27', '2023-04-18 00:22:00.596000', '2023-04-18 00:22:00.596000', 2, 1, 9),
(660, '2023-08-28', '2023-04-18 00:22:00.645000', '2023-04-18 00:22:00.645000', 2, 1, 9),
(661, '2023-08-29', '2023-04-18 00:22:00.697000', '2023-04-18 00:22:00.697000', 2, 1, 9),
(662, '2023-08-06', '2023-04-18 00:25:16.412000', '2023-04-18 00:25:16.412000', 4, 1, 10),
(663, '2023-08-07', '2023-04-18 00:25:16.444000', '2023-04-18 00:25:16.444000', 4, 1, 10),
(664, '2023-08-08', '2023-04-18 00:25:16.484000', '2023-04-18 00:25:16.484000', 4, 1, 10),
(665, '2023-08-13', '2023-04-18 00:25:16.517000', '2023-04-18 00:25:16.517000', 4, 1, 10),
(666, '2023-08-14', '2023-04-18 00:25:16.551000', '2023-04-18 00:25:16.551000', 4, 1, 10),
(667, '2023-08-15', '2023-04-18 00:25:16.580000', '2023-04-18 00:25:16.580000', 4, 1, 10),
(668, '2023-08-26', '2023-04-18 00:25:16.614000', '2023-04-18 00:25:16.614000', 4, 1, 10),
(669, '2023-08-27', '2023-04-18 00:25:16.644000', '2023-04-18 00:25:16.644000', 4, 1, 10),
(670, '2023-08-28', '2023-04-18 00:25:16.678000', '2023-04-18 00:25:16.678000', 4, 1, 10),
(671, '2023-08-29', '2023-04-18 00:25:16.718000', '2023-04-18 00:25:16.718000', 4, 1, 10),
(672, '2023-08-19', '2023-04-18 00:27:02.764000', '2023-04-18 00:27:02.764000', 2, 1, 10),
(673, '2023-08-20', '2023-04-18 00:27:02.831000', '2023-04-18 00:27:02.831000', 2, 1, 10),
(674, '2023-08-21', '2023-04-18 00:27:02.863000', '2023-04-18 00:27:02.863000', 2, 1, 10),
(675, '2023-08-22', '2023-04-18 00:27:02.902000', '2023-04-18 00:27:02.902000', 2, 1, 10),
(676, '2023-09-02', '2023-04-18 23:59:41.400000', '2023-04-18 23:59:41.400000', 4, 1, 2),
(677, '2023-09-03', '2023-04-18 23:59:41.429000', '2023-04-18 23:59:41.429000', 4, 1, 2),
(678, '2023-09-04', '2023-04-18 23:59:41.460000', '2023-04-18 23:59:41.460000', 4, 1, 2),
(679, '2023-09-09', '2023-04-18 23:59:41.492000', '2023-04-18 23:59:41.492000', 4, 1, 2),
(680, '2023-09-11', '2023-04-18 23:59:41.523000', '2023-04-18 23:59:41.523000', 4, 1, 2),
(681, '2023-09-12', '2023-04-18 23:59:41.554000', '2023-04-18 23:59:41.554000', 4, 1, 2),
(682, '2023-09-16', '2023-04-18 23:59:41.586000', '2023-04-18 23:59:41.586000', 4, 1, 2),
(683, '2023-09-17', '2023-04-18 23:59:41.617000', '2023-04-18 23:59:41.617000', 4, 1, 2),
(684, '2023-09-18', '2023-04-18 23:59:41.652000', '2023-04-18 23:59:41.652000', 4, 1, 2),
(685, '2023-09-23', '2023-04-18 23:59:41.684000', '2023-04-18 23:59:41.684000', 4, 1, 2),
(686, '2023-09-24', '2023-04-18 23:59:41.716000', '2023-04-18 23:59:41.716000', 4, 1, 2),
(687, '2023-09-25', '2023-04-18 23:59:41.747000', '2023-04-18 23:59:41.747000', 4, 1, 2),
(688, '2023-09-01', '2023-04-18 00:05:13.439000', '2023-04-18 00:05:13.439000', 5, 1, 1),
(689, '2023-09-02', '2023-04-18 00:05:13.480000', '2023-04-18 00:05:13.480000', 5, 1, 1),
(690, '2023-09-03', '2023-04-18 00:05:13.519000', '2023-04-18 00:05:13.519000', 5, 1, 1),
(691, '2023-09-04', '2023-04-18 00:05:13.551000', '2023-04-18 00:05:13.551000', 5, 1, 1),
(692, '2023-09-09', '2023-04-18 00:05:13.584000', '2023-04-18 00:05:13.584000', 5, 1, 1),
(693, '2023-09-10', '2023-04-18 00:05:13.615000', '2023-04-18 00:05:13.615000', 5, 1, 1),
(694, '2023-09-11', '2023-04-18 00:05:13.644000', '2023-04-18 00:05:13.644000', 5, 1, 1),
(695, '2023-09-15', '2023-04-18 00:05:13.673000', '2023-04-18 00:05:13.673000', 5, 1, 1),
(696, '2023-09-18', '2023-04-18 00:05:13.704000', '2023-04-18 00:05:13.704000', 5, 1, 1),
(697, '2023-09-19', '2023-04-18 00:05:13.736000', '2023-04-18 00:05:13.736000', 5, 1, 1),
(698, '2023-09-23', '2023-04-18 00:05:13.803000', '2023-04-18 00:05:13.803000', 5, 1, 1),
(699, '2023-09-24', '2023-04-18 00:05:13.835000', '2023-04-18 00:05:13.835000', 5, 1, 1),
(700, '2023-09-25', '2023-04-18 00:05:13.867000', '2023-04-18 00:05:13.867000', 5, 1, 1),
(701, '2023-09-29', '2023-04-18 00:05:13.899000', '2023-04-18 00:05:13.899000', 5, 1, 1),
(702, '2023-09-30', '2023-04-18 00:05:13.934000', '2023-04-18 00:05:13.934000', 5, 1, 1),
(703, '0000-00-00', '2023-04-18 00:05:13.968000', '2023-04-18 00:05:13.969000', 5, 1, 1),
(704, '2023-09-01', '2023-04-18 00:08:25.292000', '2023-04-18 00:08:25.292000', 9, 1, 9),
(705, '2023-09-01', '2023-04-18 00:08:39.549000', '2023-04-18 00:08:39.549000', 2, 1, 10),
(706, '2023-09-01', '2023-04-18 00:08:53.154000', '2023-04-18 00:08:53.154000', 4, 1, 11),
(707, '2023-09-01', '2023-04-18 00:09:16.517000', '2023-04-18 00:10:12.879000', 6, 1, 7),
(708, '2023-09-09', '2023-04-18 00:12:08.454000', '2023-04-18 00:12:08.454000', 6, 1, 7),
(709, '2023-09-10', '2023-04-18 00:12:08.494000', '2023-04-18 00:12:08.494000', 6, 1, 7),
(710, '2023-09-11', '2023-04-18 00:12:08.535000', '2023-04-18 00:12:08.535000', 6, 1, 7),
(711, '2023-09-15', '2023-04-18 00:12:08.574000', '2023-04-18 00:12:08.574000', 6, 1, 7),
(712, '2023-09-16', '2023-04-18 00:12:08.607000', '2023-04-18 00:12:08.607000', 6, 1, 7),
(713, '2023-09-17', '2023-04-18 00:12:08.643000', '2023-04-18 00:12:08.643000', 6, 1, 7),
(714, '2023-09-18', '2023-04-18 00:12:08.676000', '2023-04-18 00:12:08.676000', 6, 1, 7),
(715, '2023-09-23', '2023-04-18 00:12:08.711000', '2023-04-18 00:12:08.711000', 6, 1, 7),
(716, '2023-09-24', '2023-04-18 00:12:08.744000', '2023-04-18 00:12:08.744000', 6, 1, 7),
(717, '2023-09-25', '2023-04-18 00:12:08.775000', '2023-04-18 00:12:08.775000', 6, 1, 7),
(718, '2023-09-29', '2023-04-18 00:12:08.810000', '2023-04-18 00:12:08.810000', 6, 1, 7),
(719, '2023-09-30', '2023-04-18 00:12:08.841000', '2023-04-18 00:12:08.841000', 6, 1, 7),
(720, '0000-00-00', '2023-04-18 00:12:08.876000', '2023-04-18 00:12:08.876000', 6, 1, 7),
(721, '2023-09-01', '2023-04-18 00:15:17.247000', '2023-04-18 00:15:17.247000', 9, 1, 8),
(722, '2023-09-05', '2023-04-18 00:15:17.278000', '2023-04-18 00:15:17.278000', 9, 1, 8),
(723, '2023-09-06', '2023-04-18 00:15:17.313000', '2023-04-18 00:15:17.313000', 9, 1, 8),
(724, '2023-09-07', '2023-04-18 00:15:17.345000', '2023-04-18 00:15:17.345000', 9, 1, 8),
(725, '2023-09-12', '2023-04-18 00:15:17.378000', '2023-04-18 00:15:17.378000', 9, 1, 8),
(726, '2023-09-13', '2023-04-18 00:15:17.410000', '2023-04-18 00:15:17.410000', 9, 1, 8),
(727, '2023-09-14', '2023-04-18 00:15:17.442000', '2023-04-18 00:15:17.442000', 9, 1, 8),
(728, '2023-09-15', '2023-04-18 00:15:17.475000', '2023-04-18 00:15:17.475000', 9, 1, 8),
(729, '2023-09-19', '2023-04-18 00:15:17.509000', '2023-04-18 00:15:17.509000', 9, 1, 8),
(730, '2023-09-20', '2023-04-18 00:15:17.541000', '2023-04-18 00:15:17.541000', 9, 1, 8),
(731, '2023-09-21', '2023-04-18 00:15:17.577000', '2023-04-18 00:15:17.577000', 9, 1, 8),
(732, '0000-00-00', '2023-04-18 00:15:17.673000', '2023-04-18 00:15:17.673000', 9, 1, 8),
(733, '2023-09-06', '2023-04-18 00:22:00.408000', '2023-04-18 00:22:00.408000', 2, 1, 9),
(734, '2023-09-07', '2023-04-18 00:22:00.456000', '2023-04-18 00:22:00.456000', 2, 1, 9),
(735, '2023-09-08', '2023-04-18 00:22:00.501000', '2023-04-18 00:22:00.501000', 2, 1, 9),
(736, '2023-09-26', '2023-04-18 00:22:00.550000', '2023-04-18 00:22:00.550000', 2, 1, 9),
(737, '2023-09-27', '2023-04-18 00:22:00.596000', '2023-04-18 00:22:00.596000', 2, 1, 9),
(738, '2023-09-28', '2023-04-18 00:22:00.645000', '2023-04-18 00:22:00.645000', 2, 1, 9),
(739, '2023-09-29', '2023-04-18 00:22:00.697000', '2023-04-18 00:22:00.697000', 2, 1, 9),
(740, '2023-09-06', '2023-04-18 00:25:16.412000', '2023-04-18 00:25:16.412000', 4, 1, 10),
(741, '2023-09-07', '2023-04-18 00:25:16.444000', '2023-04-18 00:25:16.444000', 4, 1, 10),
(742, '2023-09-08', '2023-04-18 00:25:16.484000', '2023-04-18 00:25:16.484000', 4, 1, 10),
(743, '2023-09-13', '2023-04-18 00:25:16.517000', '2023-04-18 00:25:16.517000', 4, 1, 10),
(744, '2023-09-14', '2023-04-18 00:25:16.551000', '2023-04-18 00:25:16.551000', 4, 1, 10),
(745, '2023-09-15', '2023-04-18 00:25:16.580000', '2023-04-18 00:25:16.580000', 4, 1, 10),
(746, '2023-09-26', '2023-04-18 00:25:16.614000', '2023-04-18 00:25:16.614000', 4, 1, 10),
(747, '2023-09-27', '2023-04-18 00:25:16.644000', '2023-04-18 00:25:16.644000', 4, 1, 10),
(748, '2023-09-28', '2023-04-18 00:25:16.678000', '2023-04-18 00:25:16.678000', 4, 1, 10),
(749, '2023-09-29', '2023-04-18 00:25:16.718000', '2023-04-18 00:25:16.718000', 4, 1, 10),
(750, '2023-09-19', '2023-04-18 00:27:02.764000', '2023-04-18 00:27:02.764000', 2, 1, 10),
(751, '2023-09-20', '2023-04-18 00:27:02.831000', '2023-04-18 00:27:02.831000', 2, 1, 10),
(752, '2023-09-21', '2023-04-18 00:27:02.863000', '2023-04-18 00:27:02.863000', 2, 1, 10),
(753, '2023-09-22', '2023-04-18 00:27:02.902000', '2023-04-18 00:27:02.902000', 2, 1, 10),
(754, '2023-10-02', '2023-10-17 23:59:41.400000', '2023-04-18 23:59:41.400000', 4, 1, 2),
(755, '2023-10-03', '2023-04-18 23:59:41.429000', '2023-04-18 23:59:41.429000', 4, 1, 2),
(756, '2023-10-04', '2023-04-18 23:59:41.460000', '2023-04-18 23:59:41.460000', 4, 1, 2),
(757, '2023-10-09', '2023-04-18 23:59:41.492000', '2023-04-18 23:59:41.492000', 4, 1, 2),
(758, '2023-10-11', '2023-04-18 23:59:41.523000', '2023-04-18 23:59:41.523000', 4, 1, 2),
(759, '2023-10-12', '2023-04-18 23:59:41.554000', '2023-04-18 23:59:41.554000', 4, 1, 2),
(760, '2023-10-16', '2023-04-18 23:59:41.586000', '2023-04-18 23:59:41.586000', 4, 1, 2),
(761, '2023-10-17', '2023-04-18 23:59:41.617000', '2023-04-18 23:59:41.617000', 4, 1, 2),
(762, '2023-10-18', '2023-04-18 23:59:41.652000', '2023-04-18 23:59:41.652000', 4, 1, 2),
(763, '2023-10-23', '2023-04-18 23:59:41.684000', '2023-04-18 23:59:41.684000', 4, 1, 2),
(764, '2023-10-24', '2023-04-18 23:59:41.716000', '2023-04-18 23:59:41.716000', 4, 1, 2),
(765, '2023-10-25', '2023-04-18 23:59:41.747000', '2023-04-18 23:59:41.747000', 4, 1, 2),
(766, '2023-10-01', '2023-04-18 00:05:13.439000', '2023-04-18 00:05:13.439000', 5, 1, 1),
(767, '2023-10-02', '2023-04-18 00:05:13.480000', '2023-04-18 00:05:13.480000', 5, 1, 1),
(768, '2023-10-03', '2023-04-18 00:05:13.519000', '2023-04-18 00:05:13.519000', 5, 1, 1),
(769, '2023-10-04', '2023-04-18 00:05:13.551000', '2023-04-18 00:05:13.551000', 5, 1, 1),
(770, '2023-10-09', '2023-04-18 00:05:13.584000', '2023-04-18 00:05:13.584000', 5, 1, 1),
(771, '2023-10-10', '2023-04-18 00:05:13.615000', '2023-04-18 00:05:13.615000', 5, 1, 1),
(772, '2023-10-11', '2023-04-18 00:05:13.644000', '2023-04-18 00:05:13.644000', 5, 1, 1),
(773, '2023-10-15', '2023-04-18 00:05:13.673000', '2023-04-18 00:05:13.673000', 5, 1, 1),
(774, '2023-10-18', '2023-04-18 00:05:13.704000', '2023-04-18 00:05:13.704000', 5, 1, 1),
(775, '2023-10-19', '2023-04-18 00:05:13.736000', '2023-04-18 00:05:13.736000', 5, 1, 1),
(776, '2023-10-23', '2023-04-18 00:05:13.803000', '2023-04-18 00:05:13.803000', 5, 1, 1),
(777, '2023-10-24', '2023-04-18 00:05:13.835000', '2023-04-18 00:05:13.835000', 5, 1, 1),
(778, '2023-10-25', '2023-04-18 00:05:13.867000', '2023-04-18 00:05:13.867000', 5, 1, 1),
(779, '2023-10-29', '2023-04-18 00:05:13.899000', '2023-04-18 00:05:13.899000', 5, 1, 1),
(780, '2023-10-30', '2023-04-18 00:05:13.934000', '2023-04-18 00:05:13.934000', 5, 1, 1),
(781, '2023-10-31', '2023-04-18 00:05:13.968000', '2023-04-18 00:05:13.969000', 5, 1, 1),
(782, '2023-10-01', '2023-04-18 00:08:25.292000', '2023-04-18 00:08:25.292000', 9, 1, 9),
(783, '2023-10-01', '2023-04-18 00:08:39.549000', '2023-04-18 00:08:39.549000', 2, 1, 10),
(784, '2023-10-01', '2023-04-18 00:08:53.154000', '2023-04-18 00:08:53.154000', 4, 1, 11),
(785, '2023-10-01', '2023-04-18 00:09:16.517000', '2023-04-18 00:10:12.879000', 6, 1, 7),
(786, '2023-10-09', '2023-04-18 00:12:08.454000', '2023-04-18 00:12:08.454000', 6, 1, 7),
(787, '2023-10-10', '2023-04-18 00:12:08.494000', '2023-04-18 00:12:08.494000', 6, 1, 7),
(788, '2023-10-11', '2023-04-18 00:12:08.535000', '2023-04-18 00:12:08.535000', 6, 1, 7),
(789, '2023-10-15', '2023-04-18 00:12:08.574000', '2023-04-18 00:12:08.574000', 6, 1, 7),
(790, '2023-10-16', '2023-04-18 00:12:08.607000', '2023-04-18 00:12:08.607000', 6, 1, 7),
(791, '2023-10-17', '2023-04-18 00:12:08.643000', '2023-04-18 00:12:08.643000', 6, 1, 7),
(792, '2023-10-18', '2023-04-18 00:12:08.676000', '2023-04-18 00:12:08.676000', 6, 1, 7),
(793, '2023-10-23', '2023-04-18 00:12:08.711000', '2023-04-18 00:12:08.711000', 6, 1, 7),
(794, '2023-10-24', '2023-04-18 00:12:08.744000', '2023-04-18 00:12:08.744000', 6, 1, 7),
(795, '2023-10-25', '2023-04-18 00:12:08.775000', '2023-04-18 00:12:08.775000', 6, 1, 7),
(796, '2023-10-29', '2023-04-18 00:12:08.810000', '2023-04-18 00:12:08.810000', 6, 1, 7),
(797, '2023-10-30', '2023-04-18 00:12:08.841000', '2023-04-18 00:12:08.841000', 6, 1, 7),
(798, '2023-10-31', '2023-04-18 00:12:08.876000', '2023-04-18 00:12:08.876000', 6, 1, 7),
(799, '2023-10-01', '2023-04-18 00:15:17.247000', '2023-04-18 00:15:17.247000', 9, 1, 8),
(800, '2023-10-05', '2023-04-18 00:15:17.278000', '2023-04-18 00:15:17.278000', 9, 1, 8),
(801, '2023-10-06', '2023-04-18 00:15:17.313000', '2023-04-18 00:15:17.313000', 9, 1, 8),
(802, '2023-10-07', '2023-04-18 00:15:17.345000', '2023-04-18 00:15:17.345000', 9, 1, 8),
(803, '2023-10-12', '2023-04-18 00:15:17.378000', '2023-04-18 00:15:17.378000', 9, 1, 8),
(804, '2023-10-13', '2023-04-18 00:15:17.410000', '2023-04-18 00:15:17.410000', 9, 1, 8),
(805, '2023-10-14', '2023-04-18 00:15:17.442000', '2023-04-18 00:15:17.442000', 9, 1, 8),
(806, '2023-10-15', '2023-04-18 00:15:17.475000', '2023-04-18 00:15:17.475000', 9, 1, 8),
(807, '2023-10-19', '2023-04-18 00:15:17.509000', '2023-04-18 00:15:17.509000', 9, 1, 8),
(808, '2023-10-20', '2023-04-18 00:15:17.541000', '2023-04-18 00:15:17.541000', 9, 1, 8),
(809, '2023-10-21', '2023-04-18 00:15:17.577000', '2023-04-18 00:15:17.577000', 9, 1, 8),
(810, '2023-10-31', '2023-04-18 00:15:17.673000', '2023-04-18 00:15:17.673000', 9, 1, 8),
(811, '2023-10-06', '2023-04-18 00:22:00.408000', '2023-04-18 00:22:00.408000', 2, 1, 9),
(812, '2023-10-07', '2023-04-18 00:22:00.456000', '2023-04-18 00:22:00.456000', 2, 1, 9),
(813, '2023-10-08', '2023-04-18 00:22:00.501000', '2023-04-18 00:22:00.501000', 2, 1, 9),
(814, '2023-10-26', '2023-04-18 00:22:00.550000', '2023-04-18 00:22:00.550000', 2, 1, 9),
(815, '2023-10-27', '2023-04-18 00:22:00.596000', '2023-04-18 00:22:00.596000', 2, 1, 9),
(816, '2023-10-28', '2023-04-18 00:22:00.645000', '2023-04-18 00:22:00.645000', 2, 1, 9),
(817, '2023-10-29', '2023-04-18 00:22:00.697000', '2023-04-18 00:22:00.697000', 2, 1, 9),
(818, '2023-10-06', '2023-04-18 00:25:16.412000', '2023-04-18 00:25:16.412000', 4, 1, 10),
(819, '2023-10-07', '2023-04-18 00:25:16.444000', '2023-04-18 00:25:16.444000', 4, 1, 10),
(820, '2023-10-08', '2023-04-18 00:25:16.484000', '2023-04-18 00:25:16.484000', 4, 1, 10),
(821, '2023-10-13', '2023-04-18 00:25:16.517000', '2023-04-18 00:25:16.517000', 4, 1, 10),
(822, '2023-10-14', '2023-04-18 00:25:16.551000', '2023-04-18 00:25:16.551000', 4, 1, 10),
(823, '2023-10-15', '2023-04-18 00:25:16.580000', '2023-04-18 00:25:16.580000', 4, 1, 10),
(824, '2023-10-26', '2023-04-18 00:25:16.614000', '2023-04-18 00:25:16.614000', 4, 1, 10),
(825, '2023-10-27', '2023-04-18 00:25:16.644000', '2023-04-18 00:25:16.644000', 4, 1, 10),
(826, '2023-10-28', '2023-04-18 00:25:16.678000', '2023-04-18 00:25:16.678000', 4, 1, 10),
(827, '2023-10-29', '2023-04-18 00:25:16.718000', '2023-04-18 00:25:16.718000', 4, 1, 10),
(828, '2023-10-19', '2023-04-18 00:27:02.764000', '2023-04-18 00:27:02.764000', 2, 1, 10),
(829, '2023-10-20', '2023-04-18 00:27:02.831000', '2023-04-18 00:27:02.831000', 2, 1, 10),
(830, '2023-10-21', '2023-04-18 00:27:02.863000', '2023-04-18 00:27:02.863000', 2, 1, 10),
(831, '2023-10-22', '2023-04-18 00:27:02.902000', '2023-04-18 00:27:02.902000', 2, 1, 10),
(832, '2023-11-02', '2023-11-17 23:59:41.400000', '2023-04-18 23:59:41.400000', 4, 1, 2),
(833, '2023-11-03', '2023-04-18 23:59:41.429000', '2023-04-18 23:59:41.429000', 4, 1, 2),
(834, '2023-11-04', '2023-04-18 23:59:41.460000', '2023-04-18 23:59:41.460000', 4, 1, 2),
(835, '2023-11-09', '2023-04-18 23:59:41.492000', '2023-04-18 23:59:41.492000', 4, 1, 2),
(836, '2023-11-11', '2023-04-18 23:59:41.523000', '2023-04-18 23:59:41.523000', 4, 1, 2),
(837, '2023-11-12', '2023-04-18 23:59:41.554000', '2023-04-18 23:59:41.554000', 4, 1, 2),
(838, '2023-11-16', '2023-04-18 23:59:41.586000', '2023-04-18 23:59:41.586000', 4, 1, 2),
(839, '2023-11-17', '2023-04-18 23:59:41.617000', '2023-04-18 23:59:41.617000', 4, 1, 2),
(840, '2023-11-18', '2023-04-18 23:59:41.652000', '2023-04-18 23:59:41.652000', 4, 1, 2),
(841, '2023-11-23', '2023-04-18 23:59:41.684000', '2023-04-18 23:59:41.684000', 4, 1, 2);
INSERT INTO `VetCalendar_scheduleshift` (`id`, `date`, `created_at`, `updated_at`, `shift_id`, `shift_type_id`, `user_id`) VALUES
(842, '2023-11-24', '2023-04-18 23:59:41.716000', '2023-04-18 23:59:41.716000', 4, 1, 2),
(843, '2023-11-25', '2023-04-18 23:59:41.747000', '2023-04-18 23:59:41.747000', 4, 1, 2),
(844, '2023-11-01', '2023-04-18 00:05:13.439000', '2023-04-18 00:05:13.439000', 5, 1, 1),
(845, '2023-11-02', '2023-04-18 00:05:13.480000', '2023-04-18 00:05:13.480000', 5, 1, 1),
(846, '2023-11-03', '2023-04-18 00:05:13.519000', '2023-04-18 00:05:13.519000', 5, 1, 1),
(847, '2023-11-04', '2023-04-18 00:05:13.551000', '2023-04-18 00:05:13.551000', 5, 1, 1),
(848, '2023-11-09', '2023-04-18 00:05:13.584000', '2023-04-18 00:05:13.584000', 5, 1, 1),
(849, '2023-11-10', '2023-04-18 00:05:13.615000', '2023-04-18 00:05:13.615000', 5, 1, 1),
(850, '2023-11-11', '2023-04-18 00:05:13.644000', '2023-04-18 00:05:13.644000', 5, 1, 1),
(851, '2023-11-15', '2023-04-18 00:05:13.673000', '2023-04-18 00:05:13.673000', 5, 1, 1),
(852, '2023-11-18', '2023-04-18 00:05:13.704000', '2023-04-18 00:05:13.704000', 5, 1, 1),
(853, '2023-11-19', '2023-04-18 00:05:13.736000', '2023-04-18 00:05:13.736000', 5, 1, 1),
(854, '2023-11-23', '2023-04-18 00:05:13.803000', '2023-04-18 00:05:13.803000', 5, 1, 1),
(855, '2023-11-24', '2023-04-18 00:05:13.835000', '2023-04-18 00:05:13.835000', 5, 1, 1),
(856, '2023-11-25', '2023-04-18 00:05:13.867000', '2023-04-18 00:05:13.867000', 5, 1, 1),
(857, '2023-11-29', '2023-04-18 00:05:13.899000', '2023-04-18 00:05:13.899000', 5, 1, 1),
(858, '2023-11-30', '2023-04-18 00:05:13.934000', '2023-04-18 00:05:13.934000', 5, 1, 1),
(859, '0000-00-00', '2023-04-18 00:05:13.968000', '2023-04-18 00:05:13.969000', 5, 1, 1),
(860, '2023-11-01', '2023-04-18 00:08:25.292000', '2023-04-18 00:08:25.292000', 9, 1, 9),
(861, '2023-11-01', '2023-04-18 00:08:39.549000', '2023-04-18 00:08:39.549000', 2, 1, 10),
(862, '2023-11-01', '2023-04-18 00:08:53.154000', '2023-04-18 00:08:53.154000', 4, 1, 11),
(863, '2023-11-01', '2023-04-18 00:09:16.517000', '2023-04-18 00:10:12.879000', 6, 1, 7),
(864, '2023-11-09', '2023-04-18 00:12:08.454000', '2023-04-18 00:12:08.454000', 6, 1, 7),
(865, '2023-11-10', '2023-04-18 00:12:08.494000', '2023-04-18 00:12:08.494000', 6, 1, 7),
(866, '2023-11-11', '2023-04-18 00:12:08.535000', '2023-04-18 00:12:08.535000', 6, 1, 7),
(867, '2023-11-15', '2023-04-18 00:12:08.574000', '2023-04-18 00:12:08.574000', 6, 1, 7),
(868, '2023-11-16', '2023-04-18 00:12:08.607000', '2023-04-18 00:12:08.607000', 6, 1, 7),
(869, '2023-11-17', '2023-04-18 00:12:08.643000', '2023-04-18 00:12:08.643000', 6, 1, 7),
(870, '2023-11-18', '2023-04-18 00:12:08.676000', '2023-04-18 00:12:08.676000', 6, 1, 7),
(871, '2023-11-23', '2023-04-18 00:12:08.711000', '2023-04-18 00:12:08.711000', 6, 1, 7),
(872, '2023-11-24', '2023-04-18 00:12:08.744000', '2023-04-18 00:12:08.744000', 6, 1, 7),
(873, '2023-11-25', '2023-04-18 00:12:08.775000', '2023-04-18 00:12:08.775000', 6, 1, 7),
(874, '2023-11-29', '2023-04-18 00:12:08.810000', '2023-04-18 00:12:08.810000', 6, 1, 7),
(875, '2023-11-30', '2023-04-18 00:12:08.841000', '2023-04-18 00:12:08.841000', 6, 1, 7),
(876, '0000-00-00', '2023-04-18 00:12:08.876000', '2023-04-18 00:12:08.876000', 6, 1, 7),
(877, '2023-11-01', '2023-04-18 00:15:17.247000', '2023-04-18 00:15:17.247000', 9, 1, 8),
(878, '2023-11-05', '2023-04-18 00:15:17.278000', '2023-04-18 00:15:17.278000', 9, 1, 8),
(879, '2023-11-06', '2023-04-18 00:15:17.313000', '2023-04-18 00:15:17.313000', 9, 1, 8),
(880, '2023-11-07', '2023-04-18 00:15:17.345000', '2023-04-18 00:15:17.345000', 9, 1, 8),
(881, '2023-11-12', '2023-04-18 00:15:17.378000', '2023-04-18 00:15:17.378000', 9, 1, 8),
(882, '2023-11-13', '2023-04-18 00:15:17.410000', '2023-04-18 00:15:17.410000', 9, 1, 8),
(883, '2023-11-14', '2023-04-18 00:15:17.442000', '2023-04-18 00:15:17.442000', 9, 1, 8),
(884, '2023-11-15', '2023-04-18 00:15:17.475000', '2023-04-18 00:15:17.475000', 9, 1, 8),
(885, '2023-11-19', '2023-04-18 00:15:17.509000', '2023-04-18 00:15:17.509000', 9, 1, 8),
(886, '2023-11-20', '2023-04-18 00:15:17.541000', '2023-04-18 00:15:17.541000', 9, 1, 8),
(887, '2023-11-21', '2023-04-18 00:15:17.577000', '2023-04-18 00:15:17.577000', 9, 1, 8),
(888, '0000-00-00', '2023-04-18 00:15:17.673000', '2023-04-18 00:15:17.673000', 9, 1, 8),
(889, '2023-11-06', '2023-04-18 00:22:00.408000', '2023-04-18 00:22:00.408000', 2, 1, 9),
(890, '2023-11-07', '2023-04-18 00:22:00.456000', '2023-04-18 00:22:00.456000', 2, 1, 9),
(891, '2023-11-08', '2023-04-18 00:22:00.501000', '2023-04-18 00:22:00.501000', 2, 1, 9),
(892, '2023-11-26', '2023-04-18 00:22:00.550000', '2023-04-18 00:22:00.550000', 2, 1, 9),
(893, '2023-11-27', '2023-04-18 00:22:00.596000', '2023-04-18 00:22:00.596000', 2, 1, 9),
(894, '2023-11-28', '2023-04-18 00:22:00.645000', '2023-04-18 00:22:00.645000', 2, 1, 9),
(895, '2023-11-29', '2023-04-18 00:22:00.697000', '2023-04-18 00:22:00.697000', 2, 1, 9),
(896, '2023-11-06', '2023-04-18 00:25:16.412000', '2023-04-18 00:25:16.412000', 4, 1, 10),
(897, '2023-11-07', '2023-04-18 00:25:16.444000', '2023-04-18 00:25:16.444000', 4, 1, 10),
(898, '2023-11-08', '2023-04-18 00:25:16.484000', '2023-04-18 00:25:16.484000', 4, 1, 10),
(899, '2023-11-13', '2023-04-18 00:25:16.517000', '2023-04-18 00:25:16.517000', 4, 1, 10),
(900, '2023-11-14', '2023-04-18 00:25:16.551000', '2023-04-18 00:25:16.551000', 4, 1, 10),
(901, '2023-11-15', '2023-04-18 00:25:16.580000', '2023-04-18 00:25:16.580000', 4, 1, 10),
(902, '2023-11-26', '2023-04-18 00:25:16.614000', '2023-04-18 00:25:16.614000', 4, 1, 10),
(903, '2023-11-27', '2023-04-18 00:25:16.644000', '2023-04-18 00:25:16.644000', 4, 1, 10),
(904, '2023-11-28', '2023-04-18 00:25:16.678000', '2023-04-18 00:25:16.678000', 4, 1, 10),
(905, '2023-11-29', '2023-04-18 00:25:16.718000', '2023-04-18 00:25:16.718000', 4, 1, 10),
(906, '2023-11-19', '2023-04-18 00:27:02.764000', '2023-04-18 00:27:02.764000', 2, 1, 10),
(907, '2023-11-20', '2023-04-18 00:27:02.831000', '2023-04-18 00:27:02.831000', 2, 1, 10),
(908, '2023-11-21', '2023-04-18 00:27:02.863000', '2023-04-18 00:27:02.863000', 2, 1, 10),
(909, '2023-11-22', '2023-04-18 00:27:02.902000', '2023-04-18 00:27:02.902000', 2, 1, 10),
(910, '2023-12-02', '2023-12-17 23:59:41.400000', '2023-04-18 23:59:41.400000', 4, 1, 2),
(911, '2023-12-03', '2023-04-18 23:59:41.429000', '2023-04-18 23:59:41.429000', 4, 1, 2),
(912, '2023-12-04', '2023-04-18 23:59:41.460000', '2023-04-18 23:59:41.460000', 4, 1, 2),
(913, '2023-12-09', '2023-04-18 23:59:41.492000', '2023-04-18 23:59:41.492000', 4, 1, 2),
(914, '2023-12-11', '2023-04-18 23:59:41.523000', '2023-04-18 23:59:41.523000', 4, 1, 2),
(915, '2023-12-12', '2023-04-18 23:59:41.554000', '2023-04-18 23:59:41.554000', 4, 1, 2),
(916, '2023-12-16', '2023-04-18 23:59:41.586000', '2023-04-18 23:59:41.586000', 4, 1, 2),
(917, '2023-12-17', '2023-04-18 23:59:41.617000', '2023-04-18 23:59:41.617000', 4, 1, 2),
(918, '2023-12-18', '2023-04-18 23:59:41.652000', '2023-04-18 23:59:41.652000', 4, 1, 2),
(919, '2023-12-23', '2023-04-18 23:59:41.684000', '2023-04-18 23:59:41.684000', 4, 1, 2),
(920, '2023-12-24', '2023-04-18 23:59:41.716000', '2023-04-18 23:59:41.716000', 4, 1, 2),
(921, '2023-12-25', '2023-04-18 23:59:41.747000', '2023-04-18 23:59:41.747000', 4, 1, 2),
(922, '2023-12-01', '2023-04-18 00:05:13.439000', '2023-04-18 00:05:13.439000', 5, 1, 1),
(923, '2023-12-02', '2023-04-18 00:05:13.480000', '2023-04-18 00:05:13.480000', 5, 1, 1),
(924, '2023-12-03', '2023-04-18 00:05:13.519000', '2023-04-18 00:05:13.519000', 5, 1, 1),
(925, '2023-12-04', '2023-04-18 00:05:13.551000', '2023-04-18 00:05:13.551000', 5, 1, 1),
(926, '2023-12-09', '2023-04-18 00:05:13.584000', '2023-04-18 00:05:13.584000', 5, 1, 1),
(927, '2023-12-10', '2023-04-18 00:05:13.615000', '2023-04-18 00:05:13.615000', 5, 1, 1),
(928, '2023-12-11', '2023-04-18 00:05:13.644000', '2023-04-18 00:05:13.644000', 5, 1, 1),
(929, '2023-12-15', '2023-04-18 00:05:13.673000', '2023-04-18 00:05:13.673000', 5, 1, 1),
(930, '2023-12-18', '2023-04-18 00:05:13.704000', '2023-04-18 00:05:13.704000', 5, 1, 1),
(931, '2023-12-19', '2023-04-18 00:05:13.736000', '2023-04-18 00:05:13.736000', 5, 1, 1),
(932, '2023-12-23', '2023-04-18 00:05:13.803000', '2023-04-18 00:05:13.803000', 5, 1, 1),
(933, '2023-12-24', '2023-04-18 00:05:13.835000', '2023-04-18 00:05:13.835000', 5, 1, 1),
(934, '2023-12-25', '2023-04-18 00:05:13.867000', '2023-04-18 00:05:13.867000', 5, 1, 1),
(935, '2023-12-29', '2023-04-18 00:05:13.899000', '2023-04-18 00:05:13.899000', 5, 1, 1),
(936, '2023-12-30', '2023-04-18 00:05:13.934000', '2023-04-18 00:05:13.934000', 5, 1, 1),
(937, '2023-12-31', '2023-04-18 00:05:13.968000', '2023-04-18 00:05:13.969000', 5, 1, 1),
(938, '2023-12-01', '2023-04-18 00:08:25.292000', '2023-04-18 00:08:25.292000', 9, 1, 9),
(939, '2023-12-01', '2023-04-18 00:08:39.549000', '2023-04-18 00:08:39.549000', 2, 1, 10),
(940, '2023-12-01', '2023-04-18 00:08:53.154000', '2023-04-18 00:08:53.154000', 4, 1, 11),
(941, '2023-12-01', '2023-04-18 00:09:16.517000', '2023-04-18 00:10:12.879000', 6, 1, 7),
(942, '2023-12-09', '2023-04-18 00:12:08.454000', '2023-04-18 00:12:08.454000', 6, 1, 7),
(943, '2023-12-10', '2023-04-18 00:12:08.494000', '2023-04-18 00:12:08.494000', 6, 1, 7),
(944, '2023-12-11', '2023-04-18 00:12:08.535000', '2023-04-18 00:12:08.535000', 6, 1, 7),
(945, '2023-12-15', '2023-04-18 00:12:08.574000', '2023-04-18 00:12:08.574000', 6, 1, 7),
(946, '2023-12-16', '2023-04-18 00:12:08.607000', '2023-04-18 00:12:08.607000', 6, 1, 7),
(947, '2023-12-17', '2023-04-18 00:12:08.643000', '2023-04-18 00:12:08.643000', 6, 1, 7),
(948, '2023-12-18', '2023-04-18 00:12:08.676000', '2023-04-18 00:12:08.676000', 6, 1, 7),
(949, '2023-12-23', '2023-04-18 00:12:08.711000', '2023-04-18 00:12:08.711000', 6, 1, 7),
(950, '2023-12-24', '2023-04-18 00:12:08.744000', '2023-04-18 00:12:08.744000', 6, 1, 7),
(951, '2023-12-25', '2023-04-18 00:12:08.775000', '2023-04-18 00:12:08.775000', 6, 1, 7),
(952, '2023-12-29', '2023-04-18 00:12:08.810000', '2023-04-18 00:12:08.810000', 6, 1, 7),
(953, '2023-12-30', '2023-04-18 00:12:08.841000', '2023-04-18 00:12:08.841000', 6, 1, 7),
(954, '2023-12-31', '2023-04-18 00:12:08.876000', '2023-04-18 00:12:08.876000', 6, 1, 7),
(955, '2023-12-01', '2023-04-18 00:15:17.247000', '2023-04-18 00:15:17.247000', 9, 1, 8),
(956, '2023-12-05', '2023-04-18 00:15:17.278000', '2023-04-18 00:15:17.278000', 9, 1, 8),
(957, '2023-12-06', '2023-04-18 00:15:17.313000', '2023-04-18 00:15:17.313000', 9, 1, 8),
(958, '2023-12-07', '2023-04-18 00:15:17.345000', '2023-04-18 00:15:17.345000', 9, 1, 8),
(959, '2023-12-12', '2023-04-18 00:15:17.378000', '2023-04-18 00:15:17.378000', 9, 1, 8),
(960, '2023-12-13', '2023-04-18 00:15:17.410000', '2023-04-18 00:15:17.410000', 9, 1, 8),
(961, '2023-12-14', '2023-04-18 00:15:17.442000', '2023-04-18 00:15:17.442000', 9, 1, 8),
(962, '2023-12-15', '2023-04-18 00:15:17.475000', '2023-04-18 00:15:17.475000', 9, 1, 8),
(963, '2023-12-19', '2023-04-18 00:15:17.509000', '2023-04-18 00:15:17.509000', 9, 1, 8),
(964, '2023-12-20', '2023-04-18 00:15:17.541000', '2023-04-18 00:15:17.541000', 9, 1, 8),
(965, '2023-12-21', '2023-04-18 00:15:17.577000', '2023-04-18 00:15:17.577000', 9, 1, 8),
(966, '2023-12-31', '2023-04-18 00:15:17.673000', '2023-04-18 00:15:17.673000', 9, 1, 8),
(967, '2023-12-06', '2023-04-18 00:22:00.408000', '2023-04-18 00:22:00.408000', 2, 1, 9),
(968, '2023-12-07', '2023-04-18 00:22:00.456000', '2023-04-18 00:22:00.456000', 2, 1, 9),
(969, '2023-12-08', '2023-04-18 00:22:00.501000', '2023-04-18 00:22:00.501000', 2, 1, 9),
(970, '2023-12-26', '2023-04-18 00:22:00.550000', '2023-04-18 00:22:00.550000', 2, 1, 9),
(971, '2023-12-27', '2023-04-18 00:22:00.596000', '2023-04-18 00:22:00.596000', 2, 1, 9),
(972, '2023-12-28', '2023-04-18 00:22:00.645000', '2023-04-18 00:22:00.645000', 2, 1, 9),
(973, '2023-12-29', '2023-04-18 00:22:00.697000', '2023-04-18 00:22:00.697000', 2, 1, 9),
(974, '2023-12-06', '2023-04-18 00:25:16.412000', '2023-04-18 00:25:16.412000', 4, 1, 10),
(975, '2023-12-07', '2023-04-18 00:25:16.444000', '2023-04-18 00:25:16.444000', 4, 1, 10),
(976, '2023-12-08', '2023-04-18 00:25:16.484000', '2023-04-18 00:25:16.484000', 4, 1, 10),
(977, '2023-12-13', '2023-04-18 00:25:16.517000', '2023-04-18 00:25:16.517000', 4, 1, 10),
(978, '2023-12-14', '2023-04-18 00:25:16.551000', '2023-04-18 00:25:16.551000', 4, 1, 10),
(979, '2023-12-15', '2023-04-18 00:25:16.580000', '2023-04-18 00:25:16.580000', 4, 1, 10),
(980, '2023-12-26', '2023-04-18 00:25:16.614000', '2023-04-18 00:25:16.614000', 4, 1, 10),
(981, '2023-12-27', '2023-04-18 00:25:16.644000', '2023-04-18 00:25:16.644000', 4, 1, 10),
(982, '2023-12-28', '2023-04-18 00:25:16.678000', '2023-04-18 00:25:16.678000', 4, 1, 10),
(983, '2023-12-29', '2023-04-18 00:25:16.718000', '2023-04-18 00:25:16.718000', 4, 1, 10),
(984, '2023-12-19', '2023-04-18 00:27:02.764000', '2023-04-18 00:27:02.764000', 2, 1, 10),
(985, '2023-12-20', '2023-04-18 00:27:02.831000', '2023-04-18 00:27:02.831000', 2, 1, 10),
(986, '2023-12-21', '2023-04-18 00:27:02.863000', '2023-04-18 00:27:02.863000', 2, 1, 10),
(987, '2023-12-22', '2023-04-18 00:27:02.902000', '2023-04-18 00:27:02.902000', 2, 1, 10);

-- --------------------------------------------------------

--
-- Table structure for table `VetCalendar_shift`
--

DROP TABLE IF EXISTS `VetCalendar_shift`;
CREATE TABLE `VetCalendar_shift` (
  `id` int(11) NOT NULL,
  `shift` varchar(20) COLLATE utf8mb4_unicode_ci NOT NULL,
  `start_time` time(6) NOT NULL,
  `end_time` time(6) NOT NULL,
  `created_at` datetime(6) NOT NULL,
  `updated_at` datetime(6) NOT NULL
) ENGINE=InnoDB DEFAULT CHARSET=utf8mb4 COLLATE=utf8mb4_unicode_ci;

--
-- Dumping data for table `VetCalendar_shift`
--

INSERT INTO `VetCalendar_shift` (`id`, `shift`, `start_time`, `end_time`, `created_at`, `updated_at`) VALUES
(2, '08am-08pm', '08:00:00.000000', '20:00:00.000000', '0000-00-00 00:00:00.000000', '0000-00-00 00:00:00.000000'),
(3, '10am-10pm', '10:00:00.000000', '22:00:00.000000', '0000-00-00 00:00:00.000000', '0000-00-00 00:00:00.000000'),
(4, '02pm-02am', '14:00:00.000000', '02:00:00.000000', '2005-01-05 00:00:00.000000', '2005-01-05 00:00:00.000000'),
(5, '05pm-05am', '17:00:00.000000', '05:00:00.000000', '0000-00-00 00:00:00.000000', '0000-00-00 00:00:00.000000'),
(6, '08pm-08am', '20:00:00.000000', '08:00:00.000000', '0000-00-00 00:00:00.000000', '0000-00-00 00:00:00.000000'),
(9, '06am-06pm', '06:00:00.000000', '18:00:00.000000', '0000-00-00 00:00:00.000000', '0000-00-00 00:00:00.000000'),
(10, '00am-00am', '00:00:00.000000', '00:00:00.000000', '0000-00-00 00:00:00.000000', '0000-00-00 00:00:00.000000'),
(11, '01pm-01am', '13:00:00.000000', '01:00:00.000000', '0000-00-00 00:00:00.000000', '0000-00-00 00:00:00.000000');

-- --------------------------------------------------------

--
-- Table structure for table `VetCalendar_shifttype`
--

DROP TABLE IF EXISTS `VetCalendar_shifttype`;
CREATE TABLE `VetCalendar_shifttype` (
  `id` int(11) NOT NULL,
  `name` varchar(20) COLLATE utf8mb4_unicode_ci NOT NULL,
  `color` varchar(20) COLLATE utf8mb4_unicode_ci NOT NULL,
  `created_at` datetime(6) NOT NULL,
  `updated_at` datetime(6) NOT NULL
) ENGINE=InnoDB DEFAULT CHARSET=utf8mb4 COLLATE=utf8mb4_unicode_ci;

--
-- Dumping data for table `VetCalendar_shifttype`
--

INSERT INTO `VetCalendar_shifttype` (`id`, `name`, `color`, `created_at`, `updated_at`) VALUES
(1, 'Regular', '#006bbd', '0000-00-00 00:00:00.000000', '0000-00-00 00:00:00.000000'),
(2, 'Extra', '#e43a3a', '0000-00-00 00:00:00.000000', '0000-00-00 00:00:00.000000'),
(3, 'Relief', '#c60101', '0000-00-00 00:00:00.000000', '0000-00-00 00:00:00.000000'),
(5, 'Holiday', '#18cbe2', '0000-00-00 00:00:00.000000', '2017-10-00 00:00:00.000000'),
(6, 'Vacation', '#20bc01', '0000-00-00 00:00:00.000000', '0000-00-00 00:00:00.000000'),
(7, 'Switch', '#d501a7', '0000-00-00 00:00:00.000000', '0000-00-00 00:00:00.000000'),
(8, 'CE', '#ff770f', '0000-00-00 00:00:00.000000', '0000-00-00 00:00:00.000000');

--
-- Indexes for dumped tables
--

--
-- Indexes for table `auth_group`
--
ALTER TABLE `auth_group`
  ADD PRIMARY KEY (`id`),
  ADD UNIQUE KEY `name` (`name`);

--
-- Indexes for table `auth_group_permissions`
--
ALTER TABLE `auth_group_permissions`
  ADD PRIMARY KEY (`id`),
  ADD UNIQUE KEY `auth_group_permissions_group_id_permission_id_0cd325b0_uniq` (`group_id`,`permission_id`),
  ADD KEY `auth_group_permissio_permission_id_84c5c92e_fk_auth_perm` (`permission_id`);

--
-- Indexes for table `auth_permission`
--
ALTER TABLE `auth_permission`
  ADD PRIMARY KEY (`id`),
  ADD UNIQUE KEY `auth_permission_content_type_id_codename_01ab375a_uniq` (`content_type_id`,`codename`);

--
-- Indexes for table `auth_user`
--
ALTER TABLE `auth_user`
  ADD PRIMARY KEY (`id`),
  ADD UNIQUE KEY `username` (`username`);

--
-- Indexes for table `auth_user_groups`
--
ALTER TABLE `auth_user_groups`
  ADD PRIMARY KEY (`id`),
  ADD UNIQUE KEY `auth_user_groups_user_id_group_id_94350c0c_uniq` (`user_id`,`group_id`),
  ADD KEY `auth_user_groups_group_id_97559544_fk_auth_group_id` (`group_id`);

--
-- Indexes for table `auth_user_user_permissions`
--
ALTER TABLE `auth_user_user_permissions`
  ADD PRIMARY KEY (`id`),
  ADD UNIQUE KEY `auth_user_user_permissions_user_id_permission_id_14a6b632_uniq` (`user_id`,`permission_id`),
  ADD KEY `auth_user_user_permi_permission_id_1fbb5f2c_fk_auth_perm` (`permission_id`);

--
-- Indexes for table `django_admin_log`
--
ALTER TABLE `django_admin_log`
  ADD PRIMARY KEY (`id`),
  ADD KEY `django_admin_log_content_type_id_c4bce8eb_fk_django_co` (`content_type_id`),
  ADD KEY `django_admin_log_user_id_c564eba6_fk_auth_user_id` (`user_id`);

--
-- Indexes for table `django_content_type`
--
ALTER TABLE `django_content_type`
  ADD PRIMARY KEY (`id`),
  ADD UNIQUE KEY `django_content_type_app_label_model_76bd3d3b_uniq` (`app_label`,`model`);

--
-- Indexes for table `django_migrations`
--
ALTER TABLE `django_migrations`
  ADD PRIMARY KEY (`id`);

--
-- Indexes for table `django_session`
--
ALTER TABLE `django_session`
  ADD PRIMARY KEY (`session_key`),
  ADD KEY `django_session_expire_date_a5c62663` (`expire_date`);

--
-- Indexes for table `loginApp_address`
--
ALTER TABLE `loginApp_address`
  ADD PRIMARY KEY (`id`),
  ADD KEY `loginApp_address_user_id_efb51a4b_fk_loginApp_user_id` (`user_id`);

--
-- Indexes for table `loginApp_user`
--
ALTER TABLE `loginApp_user`
  ADD PRIMARY KEY (`id`);

--
-- Indexes for table `VetCalendar_request`
--
ALTER TABLE `VetCalendar_request`
  ADD PRIMARY KEY (`id`),
  ADD KEY `VetCalendar_request_requestUser_id_a82a2317_fk_loginApp_user_id` (`requestUser_id`),
  ADD KEY `VetCalendar_request_switchUser_id_59a82ff6_fk_loginApp_user_id` (`switchUser_id`);

--
-- Indexes for table `VetCalendar_scheduleshift`
--
ALTER TABLE `VetCalendar_scheduleshift`
  ADD PRIMARY KEY (`id`),
  ADD KEY `VetCalendar_schedule_shift_id_cf8d9ca4_fk_VetCalend` (`shift_id`),
  ADD KEY `VetCalendar_schedule_shift_type_id_3eae252c_fk_VetCalend` (`shift_type_id`),
  ADD KEY `VetCalendar_scheduleshift_user_id_ae770d0e_fk_loginApp_user_id` (`user_id`);

--
-- Indexes for table `VetCalendar_shift`
--
ALTER TABLE `VetCalendar_shift`
  ADD PRIMARY KEY (`id`);

--
-- Indexes for table `VetCalendar_shifttype`
--
ALTER TABLE `VetCalendar_shifttype`
  ADD PRIMARY KEY (`id`);

--
-- AUTO_INCREMENT for dumped tables
--

--
-- AUTO_INCREMENT for table `auth_group`
--
ALTER TABLE `auth_group`
  MODIFY `id` int(11) NOT NULL AUTO_INCREMENT;

--
-- AUTO_INCREMENT for table `auth_group_permissions`
--
ALTER TABLE `auth_group_permissions`
  MODIFY `id` int(11) NOT NULL AUTO_INCREMENT;

--
-- AUTO_INCREMENT for table `auth_permission`
--
ALTER TABLE `auth_permission`
  MODIFY `id` int(11) NOT NULL AUTO_INCREMENT, AUTO_INCREMENT=49;

--
-- AUTO_INCREMENT for table `auth_user`
--
ALTER TABLE `auth_user`
  MODIFY `id` int(11) NOT NULL AUTO_INCREMENT, AUTO_INCREMENT=2;

--
-- AUTO_INCREMENT for table `auth_user_groups`
--
ALTER TABLE `auth_user_groups`
  MODIFY `id` int(11) NOT NULL AUTO_INCREMENT;

--
-- AUTO_INCREMENT for table `auth_user_user_permissions`
--
ALTER TABLE `auth_user_user_permissions`
  MODIFY `id` int(11) NOT NULL AUTO_INCREMENT;

--
-- AUTO_INCREMENT for table `django_admin_log`
--
ALTER TABLE `django_admin_log`
  MODIFY `id` int(11) NOT NULL AUTO_INCREMENT;

--
-- AUTO_INCREMENT for table `django_content_type`
--
ALTER TABLE `django_content_type`
  MODIFY `id` int(11) NOT NULL AUTO_INCREMENT, AUTO_INCREMENT=13;

--
-- AUTO_INCREMENT for table `django_migrations`
--
ALTER TABLE `django_migrations`
  MODIFY `id` int(11) NOT NULL AUTO_INCREMENT, AUTO_INCREMENT=21;

--
-- AUTO_INCREMENT for table `loginApp_address`
--
ALTER TABLE `loginApp_address`
  MODIFY `id` int(11) NOT NULL AUTO_INCREMENT;

--
-- AUTO_INCREMENT for table `loginApp_user`
--
ALTER TABLE `loginApp_user`
  MODIFY `id` int(11) NOT NULL AUTO_INCREMENT, AUTO_INCREMENT=15;

--
-- AUTO_INCREMENT for table `VetCalendar_request`
--
ALTER TABLE `VetCalendar_request`
  MODIFY `id` int(11) NOT NULL AUTO_INCREMENT;

--
-- AUTO_INCREMENT for table `VetCalendar_scheduleshift`
--
ALTER TABLE `VetCalendar_scheduleshift`
  MODIFY `id` int(11) NOT NULL AUTO_INCREMENT, AUTO_INCREMENT=988;

--
-- AUTO_INCREMENT for table `VetCalendar_shift`
--
ALTER TABLE `VetCalendar_shift`
  MODIFY `id` int(11) NOT NULL AUTO_INCREMENT, AUTO_INCREMENT=12;

--
-- AUTO_INCREMENT for table `VetCalendar_shifttype`
--
ALTER TABLE `VetCalendar_shifttype`
  MODIFY `id` int(11) NOT NULL AUTO_INCREMENT, AUTO_INCREMENT=9;

--
-- Constraints for dumped tables
--

--
-- Constraints for table `auth_group_permissions`
--
ALTER TABLE `auth_group_permissions`
  ADD CONSTRAINT `auth_group_permissio_permission_id_84c5c92e_fk_auth_perm` FOREIGN KEY (`permission_id`) REFERENCES `auth_permission` (`id`),
  ADD CONSTRAINT `auth_group_permissions_group_id_b120cbf9_fk_auth_group_id` FOREIGN KEY (`group_id`) REFERENCES `auth_group` (`id`);

--
-- Constraints for table `auth_permission`
--
ALTER TABLE `auth_permission`
  ADD CONSTRAINT `auth_permission_content_type_id_2f476e4b_fk_django_co` FOREIGN KEY (`content_type_id`) REFERENCES `django_content_type` (`id`);

--
-- Constraints for table `auth_user_groups`
--
ALTER TABLE `auth_user_groups`
  ADD CONSTRAINT `auth_user_groups_group_id_97559544_fk_auth_group_id` FOREIGN KEY (`group_id`) REFERENCES `auth_group` (`id`),
  ADD CONSTRAINT `auth_user_groups_user_id_6a12ed8b_fk_auth_user_id` FOREIGN KEY (`user_id`) REFERENCES `auth_user` (`id`);

--
-- Constraints for table `auth_user_user_permissions`
--
ALTER TABLE `auth_user_user_permissions`
  ADD CONSTRAINT `auth_user_user_permi_permission_id_1fbb5f2c_fk_auth_perm` FOREIGN KEY (`permission_id`) REFERENCES `auth_permission` (`id`),
  ADD CONSTRAINT `auth_user_user_permissions_user_id_a95ead1b_fk_auth_user_id` FOREIGN KEY (`user_id`) REFERENCES `auth_user` (`id`);

--
-- Constraints for table `django_admin_log`
--
ALTER TABLE `django_admin_log`
  ADD CONSTRAINT `django_admin_log_content_type_id_c4bce8eb_fk_django_co` FOREIGN KEY (`content_type_id`) REFERENCES `django_content_type` (`id`),
  ADD CONSTRAINT `django_admin_log_user_id_c564eba6_fk_auth_user_id` FOREIGN KEY (`user_id`) REFERENCES `auth_user` (`id`);

--
-- Constraints for table `loginApp_address`
--
ALTER TABLE `loginApp_address`
  ADD CONSTRAINT `loginApp_address_user_id_efb51a4b_fk_loginApp_user_id` FOREIGN KEY (`user_id`) REFERENCES `loginApp_user` (`id`);

--
-- Constraints for table `VetCalendar_request`
--
ALTER TABLE `VetCalendar_request`
  ADD CONSTRAINT `VetCalendar_request_requestUser_id_a82a2317_fk_loginApp_user_id` FOREIGN KEY (`requestUser_id`) REFERENCES `loginApp_user` (`id`),
  ADD CONSTRAINT `VetCalendar_request_switchUser_id_59a82ff6_fk_loginApp_user_id` FOREIGN KEY (`switchUser_id`) REFERENCES `loginApp_user` (`id`);

--
-- Constraints for table `VetCalendar_scheduleshift`
--
ALTER TABLE `VetCalendar_scheduleshift`
  ADD CONSTRAINT `VetCalendar_schedule_shift_id_cf8d9ca4_fk_VetCalend` FOREIGN KEY (`shift_id`) REFERENCES `VetCalendar_shift` (`id`),
  ADD CONSTRAINT `VetCalendar_schedule_shift_type_id_3eae252c_fk_VetCalend` FOREIGN KEY (`shift_type_id`) REFERENCES `VetCalendar_shifttype` (`id`),
  ADD CONSTRAINT `VetCalendar_scheduleshift_user_id_ae770d0e_fk_loginApp_user_id` FOREIGN KEY (`user_id`) REFERENCES `loginApp_user` (`id`);
COMMIT;

/*!40101 SET CHARACTER_SET_CLIENT=@OLD_CHARACTER_SET_CLIENT */;
/*!40101 SET CHARACTER_SET_RESULTS=@OLD_CHARACTER_SET_RESULTS */;
/*!40101 SET COLLATION_CONNECTION=@OLD_COLLATION_CONNECTION */;
